s_State,s_Volume,s_state_id,s_lat,s_lon,e_locality,e_locality_id,e_lat,e_lon,e_Volume
Aj Jazirah,65,SD15,14.589485,33.27362,Al Hasahisa,SD15034,14.78013,32.925545,1220
Khartoum,40610,SD01,15.851318,32.843002,Al Hasahisa,SD15034,14.78013,32.925545,4324
Aj Jazirah,65,SD15,14.589485,33.27362,Al Kamlin,SD15035,15.128601,32.940258,4739
Khartoum,40610,SD01,15.851318,32.843002,Al Kamlin,SD15035,15.128601,32.940258,51185
Aj Jazirah,65,SD15,14.589485,33.27362,Al Manaqil,SD15036,14.132764,32.934234,9348
Blue Nile,111,SD08,11.297455,34.127622,Al Manaqil,SD15036,14.132764,32.934234,40
Khartoum,40610,SD01,15.851318,32.843002,Al Manaqil,SD15036,14.132764,32.934234,31835
Sennar,30,SD14,12.907198,34.042836,Al Manaqil,SD15036,14.132764,32.934234,355
White Nile,1232,SD09,13.359391,32.316944,Al Manaqil,SD15036,14.132764,32.934234,2307
Aj Jazirah,65,SD15,14.589485,33.27362,Al Qurashi,SD15037,14.305408,32.63886,6260
Khartoum,40610,SD01,15.851318,32.843002,Al Qurashi,SD15037,14.305408,32.63886,14840
North Kordofan,3910,SD13,14.847728,29.761701,Al Qurashi,SD15037,14.305408,32.63886,285
Sennar,30,SD14,12.907198,34.042836,Al Qurashi,SD15037,14.305408,32.63886,150
South Darfur,2250,SD03,11.00282,24.420469,Al Qurashi,SD15037,14.305408,32.63886,40
White Nile,1232,SD09,13.359391,32.316944,Al Qurashi,SD15037,14.305408,32.63886,111000
Khartoum,40610,SD01,15.851318,32.843002,Janub Al Jazirah,SD15031,14.145362,33.421643,1750
Blue Nile,111,SD08,11.297455,34.127622,Medani Al Kubra,SD15030,14.335648,33.607358,135
Khartoum,111,SD01,15.851318,32.843002,Medani Al Kubra,SD15030,14.335648,33.607358,3300
Aj Jazirah,111,SD15,14.589485,33.27362,Sharg Al Jazirah,SD15033,15.016972,33.602456,580
Khartoum,111,SD01,15.851318,32.843002,Sharg Al Jazirah,SD15033,15.016972,33.602456,175
Aj Jazirah,111,SD15,14.589485,33.27362,Um Algura,SD15032,14.49061,33.907755,2588
Khartoum,111,SD01,15.851318,32.843002,Um Algura,SD15032,14.49061,33.907755,3284
Aj Jazirah,111,SD15,14.589485,33.27362,Al Kurmuk,SD08106,10.526217,34.112256,125
Blue Nile,111,SD08,11.297455,34.127622,Al Kurmuk,SD08106,10.526217,34.112256,21262
Khartoum,111,SD01,15.851318,32.843002,Al Kurmuk,SD08106,10.526217,34.112256,70
Sennar,111,SD14,12.907198,34.042836,Al Kurmuk,SD08106,10.526217,34.112256,2118
Aj Jazirah,111,SD15,14.589485,33.27362,Ar Rusayris,SD08107,12.164843,34.581526,6703
Blue Nile,111,SD08,11.297455,34.127622,Ar Rusayris,SD08107,12.164843,34.581526,18383
Central Darfur,111,SD06,12.402911,23.364413,Ar Rusayris,SD08107,12.164843,34.581526,59
Gedaref,111,SD12,14.152377,35.106167,Ar Rusayris,SD08107,12.164843,34.581526,25
Khartoum,111,SD01,15.851318,32.843002,Ar Rusayris,SD08107,12.164843,34.581526,25722
North Kordofan,111,SD13,14.847728,29.761701,Ar Rusayris,SD08107,12.164843,34.581526,100
River Nile,111,SD16,18.332291,33.463789,Ar Rusayris,SD08107,12.164843,34.581526,55
Sennar,111,SD14,12.907198,34.042836,Ar Rusayris,SD08107,12.164843,34.581526,12513
South Darfur,111,SD03,11.00282,24.420469,Ar Rusayris,SD08107,12.164843,34.581526,105
South Kordofan,111,SD07,11.293547,30.847982,Ar Rusayris,SD08107,12.164843,34.581526,420
West Darfur,111,SD04,13.519303,22.616657,Ar Rusayris,SD08107,12.164843,34.581526,205
White Nile,111,SD09,13.359391,32.316944,Ar Rusayris,SD08107,12.164843,34.581526,165
Aj Jazirah,111,SD15,14.589485,33.27362,At Tadamon - BN,SD08108,11.663392,33.640707,593
Blue Nile,111,SD08,11.297455,34.127622,At Tadamon - BN,SD08108,11.663392,33.640707,16332
Khartoum,111,SD01,15.851318,32.843002,At Tadamon - BN,SD08108,11.663392,33.640707,3580
Sennar,111,SD14,12.907198,34.042836,At Tadamon - BN,SD08108,11.663392,33.640707,785
South Kordofan,111,SD07,11.293547,30.847982,At Tadamon - BN,SD08108,11.663392,33.640707,170
White Nile,111,SD09,13.359391,32.316944,At Tadamon - BN,SD08108,11.663392,33.640707,15
Aj Jazirah,111,SD15,14.589485,33.27362,Baw,SD08104,11.133073,33.800953,3159
Blue Nile,111,SD08,11.297455,34.127622,Baw,SD08104,11.133073,33.800953,85603
Khartoum,111,SD01,15.851318,32.843002,Baw,SD08104,11.133073,33.800953,8231
Sennar,111,SD14,12.907198,34.042836,Baw,SD08104,11.133073,33.800953,2605
South Darfur,111,SD03,11.00282,24.420469,Baw,SD08104,11.133073,33.800953,80
Aj Jazirah,111,SD15,14.589485,33.27362,Ed Damazine,SD08105,12.079783,34.23656,22005
Blue Nile,111,SD08,11.297455,34.127622,Ed Damazine,SD08105,12.079783,34.23656,33264
Khartoum,111,SD01,15.851318,32.843002,Ed Damazine,SD08105,12.079783,34.23656,78286
North Darfur,111,SD02,16.217571,25.556517,Ed Damazine,SD08105,12.079783,34.23656,105
North Kordofan,111,SD13,14.847728,29.761701,Ed Damazine,SD08105,12.079783,34.23656,720
Sennar,111,SD14,12.907198,34.042836,Ed Damazine,SD08105,12.079783,34.23656,25014
South Darfur,111,SD03,11.00282,24.420469,Ed Damazine,SD08105,12.079783,34.23656,475
South Kordofan,111,SD07,11.293547,30.847982,Ed Damazine,SD08105,12.079783,34.23656,270
West Darfur,111,SD04,13.519303,22.616657,Ed Damazine,SD08105,12.079783,34.23656,45
White Nile,111,SD09,13.359391,32.316944,Ed Damazine,SD08105,12.079783,34.23656,160
Aj Jazirah,111,SD15,14.589485,33.27362,Geisan,SD08109,11.175661,34.666003,1895
Blue Nile,111,SD08,11.297455,34.127622,Geisan,SD08109,11.175661,34.666003,42790
Gedaref,111,SD12,14.152377,35.106167,Geisan,SD08109,11.175661,34.666003,110
Khartoum,111,SD01,15.851318,32.843002,Geisan,SD08109,11.175661,34.666003,1660
North Kordofan,111,SD13,14.847728,29.761701,Geisan,SD08109,11.175661,34.666003,50
Sennar,111,SD14,12.907198,34.042836,Geisan,SD08109,11.175661,34.666003,440
South Kordofan,111,SD07,11.293547,30.847982,Geisan,SD08109,11.175661,34.666003,65
White Nile,111,SD09,13.359391,32.316944,Geisan,SD08109,11.175661,34.666003,70
Aj Jazirah,111,SD15,14.589485,33.27362,Wad Al Mahi,SD08110,11.607414,34.782122,60
Blue Nile,111,SD08,11.297455,34.127622,Wad Al Mahi,SD08110,11.607414,34.782122,7615
Khartoum,111,SD01,15.851318,32.843002,Wad Al Mahi,SD08110,11.607414,34.782122,3776
Sennar,111,SD14,12.907198,34.042836,Wad Al Mahi,SD08110,11.607414,34.782122,375
White Nile,111,SD09,13.359391,32.316944,Wad Al Mahi,SD08110,11.607414,34.782122,10
Central Darfur,111,SD06,12.402911,23.364413,Azum,SD06110,12.882062,23.02057,11155
North Darfur,111,SD02,16.217571,25.556517,Azum,SD06110,12.882062,23.02057,145
West Darfur,111,SD04,13.519303,22.616657,Azum,SD06110,12.882062,23.02057,58800
Central Darfur,111,SD06,12.402911,23.364413,Bendasi,SD06112,12.045643,22.850442,32090
Khartoum,111,SD01,15.851318,32.843002,Bendasi,SD06112,12.045643,22.850442,85
South Darfur,111,SD03,11.00282,24.420469,Bendasi,SD06112,12.045643,22.850442,40
Central Darfur,111,SD06,12.402911,23.364413,Gharb Jabal Marrah,SD06131,13.063795,24.006328,74410
Khartoum,111,SD01,15.851318,32.843002,Gharb Jabal Marrah,SD06131,13.063795,24.006328,205
North Darfur,111,SD02,16.217571,25.556517,Gharb Jabal Marrah,SD06131,13.063795,24.006328,1558
South Darfur,111,SD03,11.00282,24.420469,Gharb Jabal Marrah,SD06131,13.063795,24.006328,7500
Central Darfur,111,SD06,12.402911,23.364413,Mukjar,SD06130,11.808494,23.456506,28750
Khartoum,111,SD01,15.851318,32.843002,Mukjar,SD06130,11.808494,23.456506,75
Central Darfur,111,SD06,12.402911,23.364413,Shamal Jabal Marrah,SD06132,13.292689,24.471027,54558
Khartoum,111,SD01,15.851318,32.843002,Shamal Jabal Marrah,SD06132,13.292689,24.471027,1050
North Darfur,111,SD02,16.217571,25.556517,Shamal Jabal Marrah,SD06132,13.292689,24.471027,106524
South Darfur,111,SD03,11.00282,24.420469,Shamal Jabal Marrah,SD06132,13.292689,24.471027,2680
Central Darfur,111,SD06,12.402911,23.364413,Um Dukhun,SD06135,11.374759,23.094016,57625
South Darfur,111,SD03,11.00282,24.420469,Um Dukhun,SD06135,11.374759,23.094016,3905
South Kordofan,111,SD07,11.293547,30.847982,Um Dukhun,SD06135,11.374759,23.094016,3425
West Darfur,111,SD04,13.519303,22.616657,Um Dukhun,SD06135,11.374759,23.094016,1750
Central Darfur,111,SD06,12.402911,23.364413,Wadi Salih,SD06137,12.414903,23.31342,82055
Khartoum,111,SD01,15.851318,32.843002,Wadi Salih,SD06137,12.414903,23.31342,84
North Darfur,111,SD02,16.217571,25.556517,Wadi Salih,SD06137,12.414903,23.31342,115
South Darfur,111,SD03,11.00282,24.420469,Wadi Salih,SD06137,12.414903,23.31342,400
West Darfur,111,SD04,13.519303,22.616657,Wadi Salih,SD06137,12.414903,23.31342,3508
Central Darfur,111,SD06,12.402911,23.364413,Wasat Jabal Marrah,SD06139,13.138674,24.276752,131479
Khartoum,111,SD01,15.851318,32.843002,Wasat Jabal Marrah,SD06139,13.138674,24.276752,1590
North Darfur,111,SD02,16.217571,25.556517,Wasat Jabal Marrah,SD06139,13.138674,24.276752,27917
South Darfur,111,SD03,11.00282,24.420469,Wasat Jabal Marrah,SD06139,13.138674,24.276752,23207
West Darfur,111,SD04,13.519303,22.616657,Wasat Jabal Marrah,SD06139,13.138674,24.276752,1500
Central Darfur,111,SD06,12.402911,23.364413,Zalingi,SD06138,13.046634,23.537915,210858
Khartoum,111,SD01,15.851318,32.843002,Zalingi,SD06138,13.046634,23.537915,15
North Darfur,111,SD02,16.217571,25.556517,Zalingi,SD06138,13.046634,23.537915,2465
North Kordofan,111,SD13,14.847728,29.761701,Zalingi,SD06138,13.046634,23.537915,23
South Darfur,111,SD03,11.00282,24.420469,Zalingi,SD06138,13.046634,23.537915,11
West Darfur,111,SD04,13.519303,22.616657,Zalingi,SD06138,13.046634,23.537915,4500
East Darfur,111,SD05,11.017195,26.409638,Abu Jabrah,SD05140,10.935601,26.799633,600
Khartoum,111,SD01,15.851318,32.843002,Abu Jabrah,SD05140,10.935601,26.799633,40610
South Darfur,111,SD03,11.00282,24.420469,Abu Jabrah,SD05140,10.935601,26.799633,2000
West Kordofan,111,SD18,11.906944,28.392115,Abu Jabrah,SD05140,10.935601,26.799633,665
Aj Jazirah,111,SD15,14.589485,33.27362,Abu Karinka,SD05155,11.594008,26.558727,200
East Darfur,111,SD05,11.017195,26.409638,Abu Karinka,SD05155,11.594008,26.558727,12761
Khartoum,111,SD01,15.851318,32.843002,Abu Karinka,SD05155,11.594008,26.558727,31810
North Darfur,111,SD02,16.217571,25.556517,Abu Karinka,SD05155,11.594008,26.558727,450
North Kordofan,111,SD13,14.847728,29.761701,Abu Karinka,SD05155,11.594008,26.558727,190
South Darfur,111,SD03,11.00282,24.420469,Abu Karinka,SD05155,11.594008,26.558727,25
Central Darfur,111,SD06,12.402911,23.364413,Ad Du'ayn,SD05142,11.420314,26.200741,1000
East Darfur,111,SD05,11.017195,26.409638,Ad Du'ayn,SD05142,11.420314,26.200741,83450
Khartoum,111,SD01,15.851318,32.843002,Ad Du'ayn,SD05142,11.420314,26.200741,40325
North Darfur,111,SD02,16.217571,25.556517,Ad Du'ayn,SD05142,11.420314,26.200741,16815
North Kordofan,111,SD13,14.847728,29.761701,Ad Du'ayn,SD05142,11.420314,26.200741,3910
South Darfur,111,SD03,11.00282,24.420469,Ad Du'ayn,SD05142,11.420314,26.200741,70880
West Kordofan,111,SD18,11.906944,28.392115,Ad Du'ayn,SD05142,11.420314,26.200741,65
Central Darfur,111,SD06,12.402911,23.364413,Adila,SD05139,11.43547,27.008713,450
East Darfur,111,SD05,11.017195,26.409638,Adila,SD05139,11.43547,27.008713,615
Khartoum,111,SD01,15.851318,32.843002,Adila,SD05139,11.43547,27.008713,44625
North Darfur,111,SD02,16.217571,25.556517,Adila,SD05139,11.43547,27.008713,25
South Darfur,111,SD03,11.00282,24.420469,Adila,SD05139,11.43547,27.008713,3570
West Kordofan,111,SD18,11.906944,28.392115,Adila,SD05139,11.43547,27.008713,4452
East Darfur,111,SD05,11.017195,26.409638,Al Firdous,SD05152,10.927719,25.905901,15400
Khartoum,111,SD01,15.851318,32.843002,Al Firdous,SD05152,10.927719,25.905901,33750
South Darfur,111,SD03,11.00282,24.420469,Al Firdous,SD05152,10.927719,25.905901,10550
Aj Jazirah,111,SD15,14.589485,33.27362,Assalaya,SD05163,11.672855,25.992083,200
East Darfur,111,SD05,11.017195,26.409638,Assalaya,SD05163,11.672855,25.992083,20100
Khartoum,111,SD01,15.851318,32.843002,Assalaya,SD05163,11.672855,25.992083,10
North Kordofan,111,SD13,14.847728,29.761701,Assalaya,SD05163,11.672855,25.992083,390
South Darfur,111,SD03,11.00282,24.420469,Assalaya,SD05163,11.672855,25.992083,4540
East Darfur,111,SD05,11.017195,26.409638,Bahr Al Arab,SD05160,10.231793,26.701278,15500
Khartoum,111,SD01,15.851318,32.843002,Bahr Al Arab,SD05160,10.231793,26.701278,49420
South Darfur,111,SD03,11.00282,24.420469,Bahr Al Arab,SD05160,10.231793,26.701278,2000
West Kordofan,111,SD18,11.906944,28.392115,Bahr Al Arab,SD05160,10.231793,26.701278,300
East Darfur,111,SD05,11.017195,26.409638,Shia'ria,SD05148,12.532951,25.693837,5610
Khartoum,111,SD01,15.851318,32.843002,Shia'ria,SD05148,12.532951,25.693837,59555
North Darfur,111,SD02,16.217571,25.556517,Shia'ria,SD05148,12.532951,25.693837,23475
South Darfur,111,SD03,11.00282,24.420469,Shia'ria,SD05148,12.532951,25.693837,112420
West Darfur,111,SD04,13.519303,22.616657,Shia'ria,SD05148,12.532951,25.693837,25
East Darfur,111,SD05,11.017195,26.409638,Yassin,SD05165,11.845257,25.577187,6325
Khartoum,111,SD01,15.851318,32.843002,Yassin,SD05165,11.845257,25.577187,64335
North Darfur,111,SD02,16.217571,25.556517,Yassin,SD05165,11.845257,25.577187,1230
North Kordofan,111,SD13,14.847728,29.761701,Yassin,SD05165,11.845257,25.577187,120
South Darfur,111,SD03,11.00282,24.420469,Yassin,SD05165,11.845257,25.577187,9600
Aj Jazirah,111,SD15,14.589485,33.27362,Al Butanah,SD12073,15.028183,34.598493,4075
Khartoum,111,SD01,15.851318,32.843002,Al Butanah,SD12073,15.028183,34.598493,681
Aj Jazirah,111,SD15,14.589485,33.27362,Al Fao,SD12074,14.042375,34.190523,18809
Gedaref,111,SD12,14.152377,35.106167,Al Fao,SD12074,14.042375,34.190523,1674
Khartoum,111,SD01,15.851318,32.843002,Al Fao,SD12074,14.042375,34.190523,15725
Sennar,111,SD14,12.907198,34.042836,Al Fao,SD12074,14.042375,34.190523,6002
Aj Jazirah,111,SD15,14.589485,33.27362,Al Fashaga,SD12075,14.250381,35.980078,1736
Blue Nile,111,SD08,11.297455,34.127622,Al Fashaga,SD12075,14.250381,35.980078,325
Gedaref,111,SD12,14.152377,35.106167,Al Fashaga,SD12075,14.250381,35.980078,50
Khartoum,111,SD01,15.851318,32.843002,Al Fashaga,SD12075,14.250381,35.980078,8771
North Darfur,111,SD02,16.217571,25.556517,Al Fashaga,SD12075,14.250381,35.980078,262
Sennar,111,SD14,12.907198,34.042836,Al Fashaga,SD12075,14.250381,35.980078,1636
Aj Jazirah,111,SD15,14.589485,33.27362,Al Galabat Al Gharbyah - Kassab,SD12078,13.535521,35.36822,8163
Khartoum,111,SD01,15.851318,32.843002,Al Galabat Al Gharbyah - Kassab,SD12078,13.535521,35.36822,20060
North Darfur,111,SD02,16.217571,25.556517,Al Galabat Al Gharbyah - Kassab,SD12078,13.535521,35.36822,635
North Kordofan,111,SD13,14.847728,29.761701,Al Galabat Al Gharbyah - Kassab,SD12078,13.535521,35.36822,350
Sennar,111,SD14,12.907198,34.042836,Al Galabat Al Gharbyah - Kassab,SD12078,13.535521,35.36822,7486
South Darfur,111,SD03,11.00282,24.420469,Al Galabat Al Gharbyah - Kassab,SD12078,13.535521,35.36822,240
Aj Jazirah,111,SD15,14.589485,33.27362,Al Mafaza,SD12082,13.641604,34.491596,6920
Khartoum,111,SD01,15.851318,32.843002,Al Mafaza,SD12082,13.641604,34.491596,7020
Sennar,111,SD14,12.907198,34.042836,Al Mafaza,SD12082,13.641604,34.491596,200
Aj Jazirah,111,SD15,14.589485,33.27362,Al Qureisha,SD12076,13.727283,36.072089,14203
Khartoum,111,SD01,15.851318,32.843002,Al Qureisha,SD12076,13.727283,36.072089,4200
North Darfur,111,SD02,16.217571,25.556517,Al Qureisha,SD12076,13.727283,36.072089,172
Aj Jazirah,111,SD15,14.589485,33.27362,Ar Rahad,SD12084,13.233515,34.808656,13902
Blue Nile,111,SD08,11.297455,34.127622,Ar Rahad,SD12084,13.233515,34.808656,4153
Khartoum,111,SD01,15.851318,32.843002,Ar Rahad,SD12084,13.233515,34.808656,23740
Aj Jazirah,111,SD15,14.589485,33.27362,Basundah,SD12077,12.933774,35.838709,12038
Blue Nile,111,SD08,11.297455,34.127622,Basundah,SD12077,12.933774,35.838709,550
Central Darfur,111,SD06,12.402911,23.364413,Basundah,SD12077,12.933774,35.838709,1540
East Darfur,111,SD05,11.017195,26.409638,Basundah,SD12077,12.933774,35.838709,250
Gedaref,111,SD12,14.152377,35.106167,Basundah,SD12077,12.933774,35.838709,8930
Khartoum,111,SD01,15.851318,32.843002,Basundah,SD12077,12.933774,35.838709,20710
North Darfur,111,SD02,16.217571,25.556517,Basundah,SD12077,12.933774,35.838709,833
North Kordofan,111,SD13,14.847728,29.761701,Basundah,SD12077,12.933774,35.838709,5
South Darfur,111,SD03,11.00282,24.420469,Basundah,SD12077,12.933774,35.838709,590
South Kordofan,111,SD07,11.293547,30.847982,Basundah,SD12077,12.933774,35.838709,10
West Darfur,111,SD04,13.519303,22.616657,Basundah,SD12077,12.933774,35.838709,1275
Aj Jazirah,111,SD15,14.589485,33.27362,Gala'a Al Nahal,SD12079,13.335568,35.103673,8460
Khartoum,111,SD01,15.851318,32.843002,Gala'a Al Nahal,SD12079,13.335568,35.103673,56917
Sennar,111,SD14,12.907198,34.042836,Gala'a Al Nahal,SD12079,13.335568,35.103673,297
Aj Jazirah,111,SD15,14.589485,33.27362,Galabat Ash-Shargiah,SD12083,13.378072,35.801919,35503
Central Darfur,111,SD06,12.402911,23.364413,Galabat Ash-Shargiah,SD12083,13.378072,35.801919,15
Gedaref,111,SD12,14.152377,35.106167,Galabat Ash-Shargiah,SD12083,13.378072,35.801919,275
Kassala,111,SD11,15.835927,35.856852,Galabat Ash-Shargiah,SD12083,13.378072,35.801919,35
Khartoum,111,SD01,15.851318,32.843002,Galabat Ash-Shargiah,SD12083,13.378072,35.801919,56061
Sennar,111,SD14,12.907198,34.042836,Galabat Ash-Shargiah,SD12083,13.378072,35.801919,1110
South Kordofan,111,SD07,11.293547,30.847982,Galabat Ash-Shargiah,SD12083,13.378072,35.801919,400
White Nile,111,SD09,13.359391,32.316944,Galabat Ash-Shargiah,SD12083,13.378072,35.801919,1000
Aj Jazirah,111,SD15,14.589485,33.27362,Madeinat Al Gedaref,SD12080,14.031355,35.377522,94955
Blue Nile,111,SD08,11.297455,34.127622,Madeinat Al Gedaref,SD12080,14.031355,35.377522,2265
Khartoum,111,SD01,15.851318,32.843002,Madeinat Al Gedaref,SD12080,14.031355,35.377522,195867
Sennar,111,SD14,12.907198,34.042836,Madeinat Al Gedaref,SD12080,14.031355,35.377522,22479
Aj Jazirah,111,SD15,14.589485,33.27362,Wasat Al Gedaref,SD12081,14.15704,34.981265,2514
Khartoum,111,SD01,15.851318,32.843002,Wasat Al Gedaref,SD12081,14.15704,34.981265,5187
Sennar,111,SD14,12.907198,34.042836,Wasat Al Gedaref,SD12081,14.15704,34.981265,564
Aj Jazirah,111,SD15,14.589485,33.27362,Halfa Aj Jadeedah,SD11052,15.462172,35.614284,20090
Khartoum,111,SD01,15.851318,32.843002,Halfa Aj Jadeedah,SD11052,15.462172,35.614284,17190
Sennar,111,SD14,12.907198,34.042836,Halfa Aj Jadeedah,SD11052,15.462172,35.614284,2850
Aj Jazirah,111,SD15,14.589485,33.27362,Madeinat Kassala,SD11053,15.441068,36.379277,49896
Khartoum,111,SD01,15.851318,32.843002,Madeinat Kassala,SD11053,15.441068,36.379277,53699
Sennar,111,SD14,12.907198,34.042836,Madeinat Kassala,SD11053,15.441068,36.379277,10200
Aj Jazirah,111,SD15,14.589485,33.27362,Reifi Aroma,SD11055,15.814433,35.895545,1000
Kassala,111,SD11,15.835927,35.856852,Reifi Aroma,SD11055,15.814433,35.895545,3325
Khartoum,111,SD01,15.851318,32.843002,Reifi Aroma,SD11055,15.814433,35.895545,1045
Aj Jazirah,111,SD15,14.589485,33.27362,Reifi Gharb Kassala,SD11054,15.312026,36.092712,320
Khartoum,111,SD01,15.851318,32.843002,Reifi Gharb Kassala,SD11054,15.312026,36.092712,300
Aj Jazirah,111,SD15,14.589485,33.27362,Reifi Hamashkureib,SD11058,16.833135,36.570315,1255
Khartoum,111,SD01,15.851318,32.843002,Reifi Hamashkureib,SD11058,16.833135,36.570315,270
Aj Jazirah,111,SD15,14.589485,33.27362,Reifi Kassla,SD11056,15.251261,36.372341,925
Khartoum,111,SD01,15.851318,32.843002,Reifi Kassla,SD11056,15.251261,36.372341,2185
Aj Jazirah,111,SD15,14.589485,33.27362,Reifi Khashm Elgirba,SD11060,15.744422,34.99398,4980
Khartoum,111,SD01,15.851318,32.843002,Reifi Khashm Elgirba,SD11060,15.744422,34.99398,7919
Sennar,111,SD14,12.907198,34.042836,Reifi Khashm Elgirba,SD11060,15.744422,34.99398,570
Aj Jazirah,111,SD15,14.589485,33.27362,Reifi Nahr Atbara,SD11062,15.68227,35.415331,6415
Khartoum,111,SD01,15.851318,32.843002,Reifi Nahr Atbara,SD11062,15.68227,35.415331,2157
Aj Jazirah,111,SD15,14.589485,33.27362,Reifi Shamal Ad Delta,SD11057,16.528271,35.985057,970
Kassala,111,SD11,15.835927,35.856852,Reifi Shamal Ad Delta,SD11057,16.528271,35.985057,150
Khartoum,111,SD01,15.851318,32.843002,Reifi Shamal Ad Delta,SD11057,16.528271,35.985057,3325
Aj Jazirah,111,SD15,14.589485,33.27362,Reifi Telkok,SD11059,16.182537,36.613579,970
Kassala,111,SD11,15.835927,35.856852,Reifi Telkok,SD11059,16.182537,36.613579,500
Khartoum,111,SD01,15.851318,32.843002,Reifi Telkok,SD11059,16.182537,36.613579,1290
Aj Jazirah,111,SD15,14.589485,33.27362,Reifi Wad Elhilaiw,SD11061,14.565716,36.188573,1735
Khartoum,111,SD01,15.851318,32.843002,Reifi Wad Elhilaiw,SD11061,14.565716,36.188573,525
Aj Jazirah,111,SD15,14.589485,33.27362,Bahri,SD01003,15.998119,32.801408,120
Khartoum,111,SD01,15.851318,32.843002,Bahri,SD01003,15.998119,32.801408,24765
Sennar,111,SD14,12.907198,34.042836,Bahri,SD01003,15.998119,32.801408,115
Aj Jazirah,111,SD15,14.589485,33.27362,Jebel Awlia,SD01001,15.361011,32.583531,1491
Central Darfur,111,SD06,12.402911,23.364413,Jebel Awlia,SD01001,15.361011,32.583531,31
Khartoum,111,SD01,15.851318,32.843002,Jebel Awlia,SD01001,15.361011,32.583531,12813
North Darfur,111,SD02,16.217571,25.556517,Jebel Awlia,SD01001,15.361011,32.583531,74
North Kordofan,111,SD13,14.847728,29.761701,Jebel Awlia,SD01001,15.361011,32.583531,92
Sennar,111,SD14,12.907198,34.042836,Jebel Awlia,SD01001,15.361011,32.583531,100
White Nile,111,SD09,13.359391,32.316944,Jebel Awlia,SD01001,15.361011,32.583531,998
Aj Jazirah,111,SD15,14.589485,33.27362,Karrari,SD01005,16.087487,32.352515,390
Khartoum,111,SD01,15.851318,32.843002,Karrari,SD01005,16.087487,32.352515,20787
North Darfur,111,SD02,16.217571,25.556517,Karrari,SD01005,16.087487,32.352515,5
Sennar,111,SD14,12.907198,34.042836,Karrari,SD01005,16.087487,32.352515,68
South Darfur,111,SD03,11.00282,24.420469,Karrari,SD01005,16.087487,32.352515,7
Aj Jazirah,111,SD15,14.589485,33.27362,Khartoum,SD01007,15.552506,32.561114,225
Khartoum,111,SD01,15.851318,32.843002,Khartoum,SD01007,15.552506,32.561114,6521
Aj Jazirah,111,SD15,14.589485,33.27362,Sharg An Neel,SD01004,15.725083,33.380571,5265
Khartoum,111,SD01,15.851318,32.843002,Sharg An Neel,SD01004,15.725083,33.380571,17483
Sennar,111,SD14,12.907198,34.042836,Sharg An Neel,SD01004,15.725083,33.380571,50
Aj Jazirah,111,SD15,14.589485,33.27362,Um Bada,SD01002,16.127237,32.071757,30
Khartoum,111,SD01,15.851318,32.843002,Um Bada,SD01002,16.127237,32.071757,6190
Aj Jazirah,111,SD15,14.589485,33.27362,Um Durman,SD01006,15.447412,32.350618,433
Khartoum,111,SD01,15.851318,32.843002,Um Durman,SD01006,15.447412,32.350618,8811
Sennar,111,SD14,12.907198,34.042836,Um Durman,SD01006,15.447412,32.350618,55
Khartoum,111,SD01,15.851318,32.843002,Al Fasher,SD02114,13.779004,25.370408,400
North Darfur,111,SD02,16.217571,25.556517,Al Fasher,SD02114,13.779004,25.370408,287788
South Darfur,111,SD03,11.00282,24.420469,Al Fasher,SD02114,13.779004,25.370408,265
Khartoum,111,SD01,15.851318,32.843002,Al Koma,SD02116,14.095875,27.288253,25
North Darfur,111,SD02,16.217571,25.556517,Al Koma,SD02116,14.095875,27.288253,49240
South Darfur,111,SD03,11.00282,24.420469,Al Koma,SD02116,14.095875,27.288253,165
Central Darfur,111,SD06,12.402911,23.364413,Al lait,SD02169,11.941731,26.77957,25
East Darfur,111,SD05,11.017195,26.409638,Al lait,SD02169,11.941731,26.77957,5763
Khartoum,111,SD01,15.851318,32.843002,Al lait,SD02169,11.941731,26.77957,4335
North Darfur,111,SD02,16.217571,25.556517,Al lait,SD02169,11.941731,26.77957,4922
North Kordofan,111,SD13,14.847728,29.761701,Al lait,SD02169,11.941731,26.77957,105
South Darfur,111,SD03,11.00282,24.420469,Al lait,SD02169,11.941731,26.77957,1024
West Darfur,111,SD04,13.519303,22.616657,Al lait,SD02169,11.941731,26.77957,35
West Kordofan,111,SD18,11.906944,28.392115,Al lait,SD02169,11.941731,26.77957,145
North Darfur,111,SD02,16.217571,25.556517,Al Malha,SD02117,17.564078,25.792038,89520
Central Darfur,111,SD06,12.402911,23.364413,As Serief,SD02118,13.960687,23.597457,335
Khartoum,111,SD01,15.851318,32.843002,As Serief,SD02118,13.960687,23.597457,30
North Darfur,111,SD02,16.217571,25.556517,As Serief,SD02118,13.960687,23.597457,16039
South Darfur,111,SD03,11.00282,24.420469,As Serief,SD02118,13.960687,23.597457,948
West Darfur,111,SD04,13.519303,22.616657,As Serief,SD02118,13.960687,23.597457,600
North Darfur,111,SD02,16.217571,25.556517,At Tawisha,SD02119,12.503779,26.59213,2766
South Darfur,111,SD03,11.00282,24.420469,At Tawisha,SD02119,12.503779,26.59213,7
North Darfur,111,SD02,16.217571,25.556517,At Tina,SD02171,15.167895,23.127019,6145
East Darfur,111,SD05,11.017195,26.409638,Dar As Salam,SD02113,13.183605,25.319644,3
Khartoum,111,SD01,15.851318,32.843002,Dar As Salam,SD02113,13.183605,25.319644,210
North Darfur,111,SD02,16.217571,25.556517,Dar As Salam,SD02113,13.183605,25.319644,208094
South Darfur,111,SD03,11.00282,24.420469,Dar As Salam,SD02113,13.183605,25.319644,24052
Central Darfur,111,SD06,12.402911,23.364413,Kebkabiya,SD02124,13.609103,24.221376,2970
Khartoum,111,SD01,15.851318,32.843002,Kebkabiya,SD02124,13.609103,24.221376,1770
North Darfur,111,SD02,16.217571,25.556517,Kebkabiya,SD02124,13.609103,24.221376,87956
South Darfur,111,SD03,11.00282,24.420469,Kebkabiya,SD02124,13.609103,24.221376,2165
West Darfur,111,SD04,13.519303,22.616657,Kebkabiya,SD02124,13.609103,24.221376,5300
East Darfur,111,SD05,11.017195,26.409638,Kelemando,SD02126,13.131685,25.969161,107
Khartoum,111,SD01,15.851318,32.843002,Kelemando,SD02126,13.131685,25.969161,1225
North Darfur,111,SD02,16.217571,25.556517,Kelemando,SD02126,13.131685,25.969161,17135
South Darfur,111,SD03,11.00282,24.420469,Kelemando,SD02126,13.131685,25.969161,1435
Khartoum,111,SD01,15.851318,32.843002,Kernoi,SD02168,15.001922,23.532342,15
North Darfur,111,SD02,16.217571,25.556517,Kernoi,SD02168,15.001922,23.532342,2305
South Darfur,111,SD03,11.00282,24.420469,Kernoi,SD02168,15.001922,23.532342,200
West Darfur,111,SD04,13.519303,22.616657,Kernoi,SD02168,15.001922,23.532342,170
Central Darfur,111,SD06,12.402911,23.364413,Kutum,SD02128,14.514787,24.700321,20
Khartoum,111,SD01,15.851318,32.843002,Kutum,SD02128,14.514787,24.700321,365
North Darfur,111,SD02,16.217571,25.556517,Kutum,SD02128,14.514787,24.700321,199449
South Darfur,111,SD03,11.00282,24.420469,Kutum,SD02128,14.514787,24.700321,150
West Darfur,111,SD04,13.519303,22.616657,Kutum,SD02128,14.514787,24.700321,10
North Darfur,111,SD02,16.217571,25.556517,Melit,SD02129,14.272746,26.134034,57139
South Darfur,111,SD03,11.00282,24.420469,Melit,SD02129,14.272746,26.134034,165
Central Darfur,111,SD06,12.402911,23.364413,Saraf Omra,SD02133,13.587977,23.435877,19087
Khartoum,111,SD01,15.851318,32.843002,Saraf Omra,SD02133,13.587977,23.435877,850
North Darfur,111,SD02,16.217571,25.556517,Saraf Omra,SD02133,13.587977,23.435877,36419
South Darfur,111,SD03,11.00282,24.420469,Saraf Omra,SD02133,13.587977,23.435877,4285
West Darfur,111,SD04,13.519303,22.616657,Saraf Omra,SD02133,13.587977,23.435877,18341
Central Darfur,111,SD06,12.402911,23.364413,Tawila,SD02170,13.351266,24.856704,4638
North Darfur,111,SD02,16.217571,25.556517,Tawila,SD02170,13.351266,24.856704,524512
South Darfur,111,SD03,11.00282,24.420469,Tawila,SD02170,13.351266,24.856704,12236
Central Darfur,111,SD06,12.402911,23.364413,Um Baru,SD02120,15.346977,24.163569,45
Khartoum,111,SD01,15.851318,32.843002,Um Baru,SD02120,15.346977,24.163569,65
North Darfur,111,SD02,16.217571,25.556517,Um Baru,SD02120,15.346977,24.163569,15262
South Darfur,111,SD03,11.00282,24.420469,Um Baru,SD02120,15.346977,24.163569,130
West Darfur,111,SD04,13.519303,22.616657,Um Baru,SD02120,15.346977,24.163569,55
North Darfur,111,SD02,16.217571,25.556517,Um Kadadah,SD02136,13.487833,26.880716,43485
Aj Jazirah,111,SD15,14.589485,33.27362,Ar Rahad,SD13030,12.751902,30.665244,25
Blue Nile,111,SD08,11.297455,34.127622,Ar Rahad,SD13030,12.751902,30.665244,519
Khartoum,111,SD01,15.851318,32.843002,Ar Rahad,SD13030,12.751902,30.665244,23263
North Kordofan,111,SD13,14.847728,29.761701,Ar Rahad,SD13030,12.751902,30.665244,12586
South Kordofan,111,SD07,11.293547,30.847982,Ar Rahad,SD13030,12.751902,30.665244,5851
West Kordofan,111,SD18,11.906944,28.392115,Ar Rahad,SD13030,12.751902,30.665244,94
Aj Jazirah,111,SD15,14.589485,33.27362,Bara,SD13026,14.050263,30.906266,1193
Khartoum,111,SD01,15.851318,32.843002,Bara,SD13026,14.050263,30.906266,34211
North Kordofan,111,SD13,14.847728,29.761701,Bara,SD13026,14.050263,30.906266,1155
Sennar,111,SD14,12.907198,34.042836,Bara,SD13026,14.050263,30.906266,155
White Nile,111,SD09,13.359391,32.316944,Bara,SD13026,14.050263,30.906266,20
Khartoum,111,SD01,15.851318,32.843002,Gebrat Al Sheikh,SD13027,15.403081,30.910448,8205
West Kordofan,111,SD18,11.906944,28.392115,Gebrat Al Sheikh,SD13027,15.403081,30.910448,198
Khartoum,111,SD01,15.851318,32.843002,Gharb Bara,SD13029,13.924252,29.676256,5741
North Kordofan,111,SD13,14.847728,29.761701,Gharb Bara,SD13029,13.924252,29.676256,3304
Red Sea,111,SD10,19.8416,35.70398,Gharb Bara,SD13029,13.924252,29.676256,10
River Nile,111,SD16,18.332291,33.463789,Gharb Bara,SD13029,13.924252,29.676256,5
South Darfur,111,SD03,11.00282,24.420469,Gharb Bara,SD13029,13.924252,29.676256,5
South Kordofan,111,SD07,11.293547,30.847982,Gharb Bara,SD13029,13.924252,29.676256,50
West Kordofan,111,SD18,11.906944,28.392115,Gharb Bara,SD13029,13.924252,29.676256,80
White Nile,111,SD09,13.359391,32.316944,Gharb Bara,SD13029,13.924252,29.676256,5
Blue Nile,111,SD08,11.297455,34.127622,Sheikan,SD13024,13.074924,30.061859,176
Central Darfur,111,SD06,12.402911,23.364413,Sheikan,SD13024,13.074924,30.061859,756
East Darfur,111,SD05,11.017195,26.409638,Sheikan,SD13024,13.074924,30.061859,61
Khartoum,111,SD01,15.851318,32.843002,Sheikan,SD13024,13.074924,30.061859,13313
North Darfur,111,SD02,16.217571,25.556517,Sheikan,SD13024,13.074924,30.061859,332
North Kordofan,111,SD13,14.847728,29.761701,Sheikan,SD13024,13.074924,30.061859,10926
South Darfur,111,SD03,11.00282,24.420469,Sheikan,SD13024,13.074924,30.061859,614
South Kordofan,111,SD07,11.293547,30.847982,Sheikan,SD13024,13.074924,30.061859,15830
West Darfur,111,SD04,13.519303,22.616657,Sheikan,SD13024,13.074924,30.061859,235
West Kordofan,111,SD18,11.906944,28.392115,Sheikan,SD13024,13.074924,30.061859,6850
White Nile,111,SD09,13.359391,32.316944,Sheikan,SD13024,13.074924,30.061859,315
Khartoum,111,SD01,15.851318,32.843002,Soudari,SD13025,15.376297,28.509012,2938
North Kordofan,111,SD13,14.847728,29.761701,Soudari,SD13025,15.376297,28.509012,1030
Khartoum,111,SD01,15.851318,32.843002,Um Dam Haj Ahmed,SD13028,13.669057,30.824667,15156
Aj Jazirah,111,SD15,14.589485,33.27362,Um Rawaba,SD13023,13.155361,31.372576,5
Blue Nile,111,SD08,11.297455,34.127622,Um Rawaba,SD13023,13.155361,31.372576,297
Gedaref,111,SD12,14.152377,35.106167,Um Rawaba,SD13023,13.155361,31.372576,20
Khartoum,111,SD01,15.851318,32.843002,Um Rawaba,SD13023,13.155361,31.372576,20183
North Kordofan,111,SD13,14.847728,29.761701,Um Rawaba,SD13023,13.155361,31.372576,6627
South Kordofan,111,SD07,11.293547,30.847982,Um Rawaba,SD13023,13.155361,31.372576,10942
West Kordofan,111,SD18,11.906944,28.392115,Um Rawaba,SD13023,13.155361,31.372576,135
Aj Jazirah,111,SD15,14.589485,33.27362,Ad Dabbah,SD17019,17.231144,30.689276,6613
Central Darfur,111,SD06,12.402911,23.364413,Ad Dabbah,SD17019,17.231144,30.689276,1700
East Darfur,111,SD05,11.017195,26.409638,Ad Dabbah,SD17019,17.231144,30.689276,195
Khartoum,111,SD01,15.851318,32.843002,Ad Dabbah,SD17019,17.231144,30.689276,92733
North Darfur,111,SD02,16.217571,25.556517,Ad Dabbah,SD17019,17.231144,30.689276,10856
North Kordofan,111,SD13,14.847728,29.761701,Ad Dabbah,SD17019,17.231144,30.689276,4978
Sennar,111,SD14,12.907198,34.042836,Ad Dabbah,SD17019,17.231144,30.689276,1232
South Darfur,111,SD03,11.00282,24.420469,Ad Dabbah,SD17019,17.231144,30.689276,10
White Nile,111,SD09,13.359391,32.316944,Ad Dabbah,SD17019,17.231144,30.689276,157
Aj Jazirah,111,SD15,14.589485,33.27362,Al Burgaig,SD17016,19.592873,30.655079,3142
Khartoum,111,SD01,15.851318,32.843002,Al Burgaig,SD17016,19.592873,30.655079,53753
Sennar,111,SD14,12.907198,34.042836,Al Burgaig,SD17016,19.592873,30.655079,174
South Kordofan,111,SD07,11.293547,30.847982,Al Burgaig,SD17016,19.592873,30.655079,4023
White Nile,111,SD09,13.359391,32.316944,Al Burgaig,SD17016,19.592873,30.655079,5
Aj Jazirah,111,SD15,14.589485,33.27362,Al Golid,SD17018,17.854741,28.928065,6546
Khartoum,111,SD01,15.851318,32.843002,Al Golid,SD17018,17.854741,28.928065,54036
North Darfur,111,SD02,16.217571,25.556517,Al Golid,SD17018,17.854741,28.928065,364
North Kordofan,111,SD13,14.847728,29.761701,Al Golid,SD17018,17.854741,28.928065,461
Sennar,111,SD14,12.907198,34.042836,Al Golid,SD17018,17.854741,28.928065,940
South Darfur,111,SD03,11.00282,24.420469,Al Golid,SD17018,17.854741,28.928065,14
White Nile,111,SD09,13.359391,32.316944,Al Golid,SD17018,17.854741,28.928065,6
Aj Jazirah,111,SD15,14.589485,33.27362,Delgo,SD17015,20.130977,29.061767,1750
Gedaref,111,SD12,14.152377,35.106167,Delgo,SD17015,20.130977,29.061767,95
Khartoum,111,SD01,15.851318,32.843002,Delgo,SD17015,20.130977,29.061767,31179
North Darfur,111,SD02,16.217571,25.556517,Delgo,SD17015,20.130977,29.061767,50
North Kordofan,111,SD13,14.847728,29.761701,Delgo,SD17015,20.130977,29.061767,80
Northern,111,SD17,19.560497,29.329767,Delgo,SD17015,20.130977,29.061767,475
River Nile,111,SD16,18.332291,33.463789,Delgo,SD17015,20.130977,29.061767,10
Sennar,111,SD14,12.907198,34.042836,Delgo,SD17015,20.130977,29.061767,665
South Darfur,111,SD03,11.00282,24.420469,Delgo,SD17015,20.130977,29.061767,25
White Nile,111,SD09,13.359391,32.316944,Delgo,SD17015,20.130977,29.061767,150
Aj Jazirah,111,SD15,14.589485,33.27362,Dongola,SD17017,19.233941,29.637782,7133
Kassala,111,SD11,15.835927,35.856852,Dongola,SD17017,19.233941,29.637782,5
Khartoum,111,SD01,15.851318,32.843002,Dongola,SD17017,19.233941,29.637782,80792
North Darfur,111,SD02,16.217571,25.556517,Dongola,SD17017,19.233941,29.637782,185
North Kordofan,111,SD13,14.847728,29.761701,Dongola,SD17017,19.233941,29.637782,345
Northern,111,SD17,19.560497,29.329767,Dongola,SD17017,19.233941,29.637782,342
River Nile,111,SD16,18.332291,33.463789,Dongola,SD17017,19.233941,29.637782,10
Sennar,111,SD14,12.907198,34.042836,Dongola,SD17017,19.233941,29.637782,2300
South Darfur,111,SD03,11.00282,24.420469,Dongola,SD17017,19.233941,29.637782,205
South Kordofan,111,SD07,11.293547,30.847982,Dongola,SD17017,19.233941,29.637782,95
West Darfur,111,SD04,13.519303,22.616657,Dongola,SD17017,19.233941,29.637782,125
White Nile,111,SD09,13.359391,32.316944,Dongola,SD17017,19.233941,29.637782,105
Aj Jazirah,111,SD15,14.589485,33.27362,Halfa,SD17014,21.2419,28.700439,6140
Blue Nile,111,SD08,11.297455,34.127622,Halfa,SD17014,21.2419,28.700439,5
Central Darfur,111,SD06,12.402911,23.364413,Halfa,SD17014,21.2419,28.700439,5
Gedaref,111,SD12,14.152377,35.106167,Halfa,SD17014,21.2419,28.700439,300
Kassala,111,SD11,15.835927,35.856852,Halfa,SD17014,21.2419,28.700439,250
Khartoum,111,SD01,15.851318,32.843002,Halfa,SD17014,21.2419,28.700439,39213
North Darfur,111,SD02,16.217571,25.556517,Halfa,SD17014,21.2419,28.700439,745
North Kordofan,111,SD13,14.847728,29.761701,Halfa,SD17014,21.2419,28.700439,365
Northern,111,SD17,19.560497,29.329767,Halfa,SD17014,21.2419,28.700439,1879
River Nile,111,SD16,18.332291,33.463789,Halfa,SD17014,21.2419,28.700439,15
Sennar,111,SD14,12.907198,34.042836,Halfa,SD17014,21.2419,28.700439,2605
South Darfur,111,SD03,11.00282,24.420469,Halfa,SD17014,21.2419,28.700439,400
White Nile,111,SD09,13.359391,32.316944,Halfa,SD17014,21.2419,28.700439,180
Aj Jazirah,111,SD15,14.589485,33.27362,Merwoe,SD17020,18.33174,31.968329,7705
Gedaref,111,SD12,14.152377,35.106167,Merwoe,SD17020,18.33174,31.968329,554
Khartoum,111,SD01,15.851318,32.843002,Merwoe,SD17020,18.33174,31.968329,100397
North Darfur,111,SD02,16.217571,25.556517,Merwoe,SD17020,18.33174,31.968329,18
North Kordofan,111,SD13,14.847728,29.761701,Merwoe,SD17020,18.33174,31.968329,297
Northern,111,SD17,19.560497,29.329767,Merwoe,SD17020,18.33174,31.968329,5795
Sennar,111,SD14,12.907198,34.042836,Merwoe,SD17020,18.33174,31.968329,2997
South Darfur,111,SD03,11.00282,24.420469,Merwoe,SD17020,18.33174,31.968329,35
South Kordofan,111,SD07,11.293547,30.847982,Merwoe,SD17020,18.33174,31.968329,10
West Kordofan,111,SD18,11.906944,28.392115,Merwoe,SD17020,18.33174,31.968329,6
White Nile,111,SD09,13.359391,32.316944,Merwoe,SD17020,18.33174,31.968329,6
Aj Jazirah,111,SD15,14.589485,33.27362,Agig,SD10072,17.890106,37.985633,8
Khartoum,111,SD01,15.851318,32.843002,Agig,SD10072,17.890106,37.985633,61
Red Sea,111,SD10,19.8416,35.70398,Agig,SD10072,17.890106,37.985633,105
Sennar,111,SD14,12.907198,34.042836,Agig,SD10072,17.890106,37.985633,6
Aj Jazirah,111,SD15,14.589485,33.27362,Al Ganab,SD10069,19.550798,35.147386,30
Khartoum,111,SD01,15.851318,32.843002,Al Ganab,SD10069,19.550798,35.147386,5
Red Sea,111,SD10,19.8416,35.70398,Al Ganab,SD10069,19.550798,35.147386,2000
Sennar,111,SD14,12.907198,34.042836,Al Ganab,SD10069,19.550798,35.147386,5
Aj Jazirah,111,SD15,14.589485,33.27362,Dordieb,SD10063,17.535641,35.883005,405
Khartoum,111,SD01,15.851318,32.843002,Dordieb,SD10063,17.535641,35.883005,1030
Red Sea,111,SD10,19.8416,35.70398,Dordieb,SD10063,17.535641,35.883005,595
Sennar,111,SD14,12.907198,34.042836,Dordieb,SD10063,17.535641,35.883005,145
South Darfur,111,SD03,11.00282,24.420469,Dordieb,SD10063,17.535641,35.883005,10
Aj Jazirah,111,SD15,14.589485,33.27362,Hala'ib,SD10066,21.765717,35.906454,45
Khartoum,111,SD01,15.851318,32.843002,Hala'ib,SD10066,21.765717,35.906454,327
North Darfur,111,SD02,16.217571,25.556517,Hala'ib,SD10066,21.765717,35.906454,15
North Kordofan,111,SD13,14.847728,29.761701,Hala'ib,SD10066,21.765717,35.906454,25
Red Sea,111,SD10,19.8416,35.70398,Hala'ib,SD10066,21.765717,35.906454,564
South Kordofan,111,SD07,11.293547,30.847982,Hala'ib,SD10066,21.765717,35.906454,5
West Kordofan,111,SD18,11.906944,28.392115,Hala'ib,SD10066,21.765717,35.906454,5
Aj Jazirah,111,SD15,14.589485,33.27362,Haya,SD10070,18.094982,36.242429,575
Blue Nile,111,SD08,11.297455,34.127622,Haya,SD10070,18.094982,36.242429,90
Central Darfur,111,SD06,12.402911,23.364413,Haya,SD10070,18.094982,36.242429,10
Gedaref,111,SD12,14.152377,35.106167,Haya,SD10070,18.094982,36.242429,65
Khartoum,111,SD01,15.851318,32.843002,Haya,SD10070,18.094982,36.242429,915
Red Sea,111,SD10,19.8416,35.70398,Haya,SD10070,18.094982,36.242429,2525
Sennar,111,SD14,12.907198,34.042836,Haya,SD10070,18.094982,36.242429,285
South Kordofan,111,SD07,11.293547,30.847982,Haya,SD10070,18.094982,36.242429,5
West Darfur,111,SD04,13.519303,22.616657,Haya,SD10070,18.094982,36.242429,5
Red Sea,111,SD10,19.8416,35.70398,Jubayt Elma'aadin,SD10067,21.133124,34.946642,346
Aj Jazirah,111,SD15,14.589485,33.27362,Port Sudan,SD10064,19.508626,37.209322,39598
Blue Nile,111,SD08,11.297455,34.127622,Port Sudan,SD10064,19.508626,37.209322,163
Central Darfur,111,SD06,12.402911,23.364413,Port Sudan,SD10064,19.508626,37.209322,65
East Darfur,111,SD05,11.017195,26.409638,Port Sudan,SD10064,19.508626,37.209322,50
Gedaref,111,SD12,14.152377,35.106167,Port Sudan,SD10064,19.508626,37.209322,1124
Kassala,111,SD11,15.835927,35.856852,Port Sudan,SD10064,19.508626,37.209322,50
Khartoum,111,SD01,15.851318,32.843002,Port Sudan,SD10064,19.508626,37.209322,108149
North Darfur,111,SD02,16.217571,25.556517,Port Sudan,SD10064,19.508626,37.209322,6054
North Kordofan,111,SD13,14.847728,29.761701,Port Sudan,SD10064,19.508626,37.209322,6045
Northern,111,SD17,19.560497,29.329767,Port Sudan,SD10064,19.508626,37.209322,156
Red Sea,111,SD10,19.8416,35.70398,Port Sudan,SD10064,19.508626,37.209322,12313
River Nile,111,SD16,18.332291,33.463789,Port Sudan,SD10064,19.508626,37.209322,286
Sennar,111,SD14,12.907198,34.042836,Port Sudan,SD10064,19.508626,37.209322,11187
South Darfur,111,SD03,11.00282,24.420469,Port Sudan,SD10064,19.508626,37.209322,3220
South Kordofan,111,SD07,11.293547,30.847982,Port Sudan,SD10064,19.508626,37.209322,3045
West Darfur,111,SD04,13.519303,22.616657,Port Sudan,SD10064,19.508626,37.209322,155
West Kordofan,111,SD18,11.906944,28.392115,Port Sudan,SD10064,19.508626,37.209322,7
White Nile,111,SD09,13.359391,32.316944,Port Sudan,SD10064,19.508626,37.209322,1034
Aj Jazirah,111,SD15,14.589485,33.27362,Sawakin,SD10068,19.004451,37.240975,320
Khartoum,111,SD01,15.851318,32.843002,Sawakin,SD10068,19.004451,37.240975,1573
North Darfur,111,SD02,16.217571,25.556517,Sawakin,SD10068,19.004451,37.240975,160
North Kordofan,111,SD13,14.847728,29.761701,Sawakin,SD10068,19.004451,37.240975,57
Red Sea,111,SD10,19.8416,35.70398,Sawakin,SD10068,19.004451,37.240975,1060
Sennar,111,SD14,12.907198,34.042836,Sawakin,SD10068,19.004451,37.240975,70
South Darfur,111,SD03,11.00282,24.420469,Sawakin,SD10068,19.004451,37.240975,40
West Darfur,111,SD04,13.519303,22.616657,Sawakin,SD10068,19.004451,37.240975,5
West Kordofan,111,SD18,11.906944,28.392115,Sawakin,SD10068,19.004451,37.240975,35
White Nile,111,SD09,13.359391,32.316944,Sawakin,SD10068,19.004451,37.240975,10
Aj Jazirah,111,SD15,14.589485,33.27362,Sinkat,SD10071,18.889487,36.661004,2375
Central Darfur,111,SD06,12.402911,23.364413,Sinkat,SD10071,18.889487,36.661004,42
East Darfur,111,SD05,11.017195,26.409638,Sinkat,SD10071,18.889487,36.661004,15
Gedaref,111,SD12,14.152377,35.106167,Sinkat,SD10071,18.889487,36.661004,45
Khartoum,111,SD01,15.851318,32.843002,Sinkat,SD10071,18.889487,36.661004,4109
North Darfur,111,SD02,16.217571,25.556517,Sinkat,SD10071,18.889487,36.661004,359
North Kordofan,111,SD13,14.847728,29.761701,Sinkat,SD10071,18.889487,36.661004,415
Red Sea,111,SD10,19.8416,35.70398,Sinkat,SD10071,18.889487,36.661004,490
Sennar,111,SD14,12.907198,34.042836,Sinkat,SD10071,18.889487,36.661004,982
South Darfur,111,SD03,11.00282,24.420469,Sinkat,SD10071,18.889487,36.661004,387
South Kordofan,111,SD07,11.293547,30.847982,Sinkat,SD10071,18.889487,36.661004,303
West Darfur,111,SD04,13.519303,22.616657,Sinkat,SD10071,18.889487,36.661004,161
West Kordofan,111,SD18,11.906944,28.392115,Sinkat,SD10071,18.889487,36.661004,10
White Nile,111,SD09,13.359391,32.316944,Sinkat,SD10071,18.889487,36.661004,120
Aj Jazirah,111,SD15,14.589485,33.27362,Tawkar,SD10065,17.997189,37.394726,230
Khartoum,111,SD01,15.851318,32.843002,Tawkar,SD10065,17.997189,37.394726,390
North Kordofan,111,SD13,14.847728,29.761701,Tawkar,SD10065,17.997189,37.394726,30
Red Sea,111,SD10,19.8416,35.70398,Tawkar,SD10065,17.997189,37.394726,9035
Sennar,111,SD14,12.907198,34.042836,Tawkar,SD10065,17.997189,37.394726,315
White Nile,111,SD09,13.359391,32.316944,Tawkar,SD10065,17.997189,37.394726,20
Aj Jazirah,111,SD15,14.589485,33.27362,Abu Hamad,SD16008,20.16364,33.218942,8738
Blue Nile,111,SD08,11.297455,34.127622,Abu Hamad,SD16008,20.16364,33.218942,10
Khartoum,111,SD01,15.851318,32.843002,Abu Hamad,SD16008,20.16364,33.218942,53627
North Kordofan,111,SD13,14.847728,29.761701,Abu Hamad,SD16008,20.16364,33.218942,55
River Nile,111,SD16,18.332291,33.463789,Abu Hamad,SD16008,20.16364,33.218942,12500
Sennar,111,SD14,12.907198,34.042836,Abu Hamad,SD16008,20.16364,33.218942,1640
South Darfur,111,SD03,11.00282,24.420469,Abu Hamad,SD16008,20.16364,33.218942,115
West Darfur,111,SD04,13.519303,22.616657,Abu Hamad,SD16008,20.16364,33.218942,120
Aj Jazirah,111,SD15,14.589485,33.27362,Ad Damar,SD16011,17.121049,34.259104,2214
East Darfur,111,SD05,11.017195,26.409638,Ad Damar,SD16011,17.121049,34.259104,50
Khartoum,111,SD01,15.851318,32.843002,Ad Damar,SD16011,17.121049,34.259104,68701
Sennar,111,SD14,12.907198,34.042836,Ad Damar,SD16011,17.121049,34.259104,385
South Kordofan,111,SD07,11.293547,30.847982,Ad Damar,SD16011,17.121049,34.259104,30
Aj Jazirah,111,SD15,14.589485,33.27362,Al Buhaira,SD16014,19.910568,32.606046,100
Khartoum,111,SD01,15.851318,32.843002,Al Buhaira,SD16014,19.910568,32.606046,4471
North Kordofan,111,SD13,14.847728,29.761701,Al Buhaira,SD16014,19.910568,32.606046,10
River Nile,111,SD16,18.332291,33.463789,Al Buhaira,SD16014,19.910568,32.606046,224
Sennar,111,SD14,12.907198,34.042836,Al Buhaira,SD16014,19.910568,32.606046,15
White Nile,111,SD09,13.359391,32.316944,Al Buhaira,SD16014,19.910568,32.606046,5
Aj Jazirah,111,SD15,14.589485,33.27362,Al Matama,SD16009,16.726159,32.7084,13985
Blue Nile,111,SD08,11.297455,34.127622,Al Matama,SD16009,16.726159,32.7084,5
East Darfur,111,SD05,11.017195,26.409638,Al Matama,SD16009,16.726159,32.7084,5
Khartoum,111,SD01,15.851318,32.843002,Al Matama,SD16009,16.726159,32.7084,99720
River Nile,111,SD16,18.332291,33.463789,Al Matama,SD16009,16.726159,32.7084,7871
Sennar,111,SD14,12.907198,34.042836,Al Matama,SD16009,16.726159,32.7084,190
South Kordofan,111,SD07,11.293547,30.847982,Al Matama,SD16009,16.726159,32.7084,35
West Darfur,111,SD04,13.519303,22.616657,Al Matama,SD16009,16.726159,32.7084,50
White Nile,111,SD09,13.359391,32.316944,Al Matama,SD16009,16.726159,32.7084,75
Aj Jazirah,111,SD15,14.589485,33.27362,Atbara,SD16012,17.853429,32.913587,11208
Khartoum,111,SD01,15.851318,32.843002,Atbara,SD16012,17.853429,32.913587,71933
North Kordofan,111,SD13,14.847728,29.761701,Atbara,SD16012,17.853429,32.913587,112
Sennar,111,SD14,12.907198,34.042836,Atbara,SD16012,17.853429,32.913587,4090
South Darfur,111,SD03,11.00282,24.420469,Atbara,SD16012,17.853429,32.913587,38
Aj Jazirah,111,SD15,14.589485,33.27362,Barbar,SD16013,18.148134,33.734758,35456
Blue Nile,111,SD08,11.297455,34.127622,Barbar,SD16013,18.148134,33.734758,246
Khartoum,111,SD01,15.851318,32.843002,Barbar,SD16013,18.148134,33.734758,103163
North Kordofan,111,SD13,14.847728,29.761701,Barbar,SD16013,18.148134,33.734758,10
River Nile,111,SD16,18.332291,33.463789,Barbar,SD16013,18.148134,33.734758,2426
Sennar,111,SD14,12.907198,34.042836,Barbar,SD16013,18.148134,33.734758,17387
Aj Jazirah,111,SD15,14.589485,33.27362,Shendi,SD16010,16.430402,33.692223,20763
Central Darfur,111,SD06,12.402911,23.364413,Shendi,SD16010,16.430402,33.692223,310
East Darfur,111,SD05,11.017195,26.409638,Shendi,SD16010,16.430402,33.692223,80
Khartoum,111,SD01,15.851318,32.843002,Shendi,SD16010,16.430402,33.692223,162214
North Darfur,111,SD02,16.217571,25.556517,Shendi,SD16010,16.430402,33.692223,25
North Kordofan,111,SD13,14.847728,29.761701,Shendi,SD16010,16.430402,33.692223,305
River Nile,111,SD16,18.332291,33.463789,Shendi,SD16010,16.430402,33.692223,10372
Sennar,111,SD14,12.907198,34.042836,Shendi,SD16010,16.430402,33.692223,905
South Darfur,111,SD03,11.00282,24.420469,Shendi,SD16010,16.430402,33.692223,205
South Kordofan,111,SD07,11.293547,30.847982,Shendi,SD16010,16.430402,33.692223,115
West Darfur,111,SD04,13.519303,22.616657,Shendi,SD16010,16.430402,33.692223,125
Aj Jazirah,111,SD15,14.589485,33.27362,Abu Hujar,SD14037,12.612193,33.89529,114
Blue Nile,111,SD08,11.297455,34.127622,Abu Hujar,SD14037,12.612193,33.89529,56
Khartoum,111,SD01,15.851318,32.843002,Abu Hujar,SD14037,12.612193,33.89529,417
Sennar,111,SD14,12.907198,34.042836,Abu Hujar,SD14037,12.612193,33.89529,14
Aj Jazirah,111,SD15,14.589485,33.27362,Ad Dali,SD14039,12.526733,33.438086,1046
Blue Nile,111,SD08,11.297455,34.127622,Ad Dali,SD14039,12.526733,33.438086,7569
Khartoum,111,SD01,15.851318,32.843002,Ad Dali,SD14039,12.526733,33.438086,3427
Sennar,111,SD14,12.907198,34.042836,Ad Dali,SD14039,12.526733,33.438086,174
Aj Jazirah,111,SD15,14.589485,33.27362,Ad Dinder,SD14040,12.735365,34.803236,7031
Blue Nile,111,SD08,11.297455,34.127622,Ad Dinder,SD14040,12.735365,34.803236,291
Khartoum,111,SD01,15.851318,32.843002,Ad Dinder,SD14040,12.735365,34.803236,19891
Sennar,111,SD14,12.907198,34.042836,Ad Dinder,SD14040,12.735365,34.803236,1344
Aj Jazirah,111,SD15,14.589485,33.27362,As Suki,SD14041,12.91538,34.141804,3190
Blue Nile,111,SD08,11.297455,34.127622,As Suki,SD14041,12.91538,34.141804,11439
Khartoum,111,SD01,15.851318,32.843002,As Suki,SD14041,12.91538,34.141804,7284
Sennar,111,SD14,12.907198,34.042836,As Suki,SD14041,12.91538,34.141804,1613
Aj Jazirah,111,SD15,14.589485,33.27362,Sennar,SD14038,13.539079,33.24522,6006
Blue Nile,111,SD08,11.297455,34.127622,Sennar,SD14038,13.539079,33.24522,419
Khartoum,111,SD01,15.851318,32.843002,Sennar,SD14038,13.539079,33.24522,17031
Sennar,111,SD14,12.907198,34.042836,Sennar,SD14038,13.539079,33.24522,2960
Aj Jazirah,111,SD15,14.589485,33.27362,Sharg Sennar,SD14042,13.761927,33.846929,2805
Khartoum,111,SD01,15.851318,32.843002,Sharg Sennar,SD14042,13.761927,33.846929,13458
Sennar,111,SD14,12.907198,34.042836,Sharg Sennar,SD14042,13.761927,33.846929,52
Aj Jazirah,111,SD15,14.589485,33.27362,Sinja,SD14043,13.137546,33.740814,2537
Blue Nile,111,SD08,11.297455,34.127622,Sinja,SD14043,13.137546,33.740814,715
Khartoum,111,SD01,15.851318,32.843002,Sinja,SD14043,13.137546,33.740814,10571
Sennar,111,SD14,12.907198,34.042836,Sinja,SD14043,13.137546,33.740814,1135
South Darfur,111,SD03,11.00282,24.420469,Al Radoum,SD03141,9.704639,24.238636,37790
North Darfur,111,SD02,16.217571,25.556517,Al Wihda,SD03150,12.863599,24.983601,3135
South Darfur,111,SD03,11.00282,24.420469,Al Wihda,SD03150,12.863599,24.983601,4230
South Kordofan,111,SD07,11.293547,30.847982,Al Wihda,SD03150,12.863599,24.983601,50
Central Darfur,111,SD06,12.402911,23.364413,As Salam - SD,SD03166,11.648242,24.764545,1025
South Darfur,111,SD03,11.00282,24.420469,As Salam - SD,SD03166,11.648242,24.764545,15225
Central Darfur,111,SD06,12.402911,23.364413,As Sunta,SD03156,10.660952,25.577011,750
East Darfur,111,SD05,11.017195,26.409638,As Sunta,SD03156,10.660952,25.577011,900
Khartoum,111,SD01,15.851318,32.843002,As Sunta,SD03156,10.660952,25.577011,1700
North Darfur,111,SD02,16.217571,25.556517,As Sunta,SD03156,10.660952,25.577011,700
South Darfur,111,SD03,11.00282,24.420469,As Sunta,SD03156,10.660952,25.577011,96580
West Darfur,111,SD04,13.519303,22.616657,As Sunta,SD03156,10.660952,25.577011,500
Central Darfur,111,SD06,12.402911,23.364413,Beliel,SD03162,11.948623,25.132568,1326
East Darfur,111,SD05,11.017195,26.409638,Beliel,SD03162,11.948623,25.132568,2109
South Darfur,111,SD03,11.00282,24.420469,Beliel,SD03162,11.948623,25.132568,468938
West Darfur,111,SD04,13.519303,22.616657,Beliel,SD03162,11.948623,25.132568,1445
Aj Jazirah,111,SD15,14.589485,33.27362,Buram,SD03161,10.705195,25.093828,60
Central Darfur,111,SD06,12.402911,23.364413,Buram,SD03161,10.705195,25.093828,2100
East Darfur,111,SD05,11.017195,26.409638,Buram,SD03161,10.705195,25.093828,800
Khartoum,111,SD01,15.851318,32.843002,Buram,SD03161,10.705195,25.093828,9855
North Darfur,111,SD02,16.217571,25.556517,Buram,SD03161,10.705195,25.093828,5070
South Darfur,111,SD03,11.00282,24.420469,Buram,SD03161,10.705195,25.093828,174510
West Darfur,111,SD04,13.519303,22.616657,Buram,SD03161,10.705195,25.093828,3000
Aj Jazirah,111,SD15,14.589485,33.27362,Damso,SD03172,10.778127,24.514846,35
East Darfur,111,SD05,11.017195,26.409638,Damso,SD03172,10.778127,24.514846,1100
Khartoum,111,SD01,15.851318,32.843002,Damso,SD03172,10.778127,24.514846,125
South Darfur,111,SD03,11.00282,24.420469,Damso,SD03172,10.778127,24.514846,6270
Central Darfur,111,SD06,12.402911,23.364413,Ed Al Fursan,SD03143,11.680975,24.333004,2250
Khartoum,111,SD01,15.851318,32.843002,Ed Al Fursan,SD03143,11.680975,24.333004,1625
North Darfur,111,SD02,16.217571,25.556517,Ed Al Fursan,SD03143,11.680975,24.333004,885
South Darfur,111,SD03,11.00282,24.420469,Ed Al Fursan,SD03143,11.680975,24.333004,28531
West Darfur,111,SD04,13.519303,22.616657,Ed Al Fursan,SD03143,11.680975,24.333004,250
East Darfur,111,SD05,11.017195,26.409638,Gereida,SD03153,11.133086,25.368702,11628
South Darfur,111,SD03,11.00282,24.420469,Gereida,SD03153,11.133086,25.368702,128014
Central Darfur,111,SD06,12.402911,23.364413,Kas,SD03144,12.474009,24.179044,1938
Khartoum,111,SD01,15.851318,32.843002,Kas,SD03144,12.474009,24.179044,5
North Darfur,111,SD02,16.217571,25.556517,Kas,SD03144,12.474009,24.179044,130
South Darfur,111,SD03,11.00282,24.420469,Kas,SD03144,12.474009,24.179044,152003
White Nile,111,SD09,13.359391,32.316944,Kas,SD03144,12.474009,24.179044,12
Khartoum,111,SD01,15.851318,32.843002,Kateila,SD03159,11.030976,24.286542,3600
North Darfur,111,SD02,16.217571,25.556517,Kateila,SD03159,11.030976,24.286542,597
South Darfur,111,SD03,11.00282,24.420469,Kateila,SD03159,11.030976,24.286542,40433
Central Darfur,111,SD06,12.402911,23.364413,Kubum,SD03157,11.776744,23.939006,3750
South Darfur,111,SD03,11.00282,24.420469,Kubum,SD03157,11.776744,23.939006,5340
North Darfur,111,SD02,16.217571,25.556517,Mershing,SD03145,12.553172,24.982087,6830
South Darfur,111,SD03,11.00282,24.420469,Mershing,SD03145,12.553172,24.982087,74190
North Darfur,111,SD02,16.217571,25.556517,Nitega,SD03151,12.57805,25.271605,500
South Darfur,111,SD03,11.00282,24.420469,Nitega,SD03151,12.57805,25.271605,28505
East Darfur,111,SD05,11.017195,26.409638,Nyala Janoub,SD03167,12.022886,24.825308,750
North Darfur,111,SD02,16.217571,25.556517,Nyala Janoub,SD03167,12.022886,24.825308,1105
South Darfur,111,SD03,11.00282,24.420469,Nyala Janoub,SD03167,12.022886,24.825308,76902
West Darfur,111,SD04,13.519303,22.616657,Nyala Janoub,SD03167,12.022886,24.825308,175
North Darfur,111,SD02,16.217571,25.556517,Nyala Shimal,SD03164,12.400029,24.716581,4480
South Darfur,111,SD03,11.00282,24.420469,Nyala Shimal,SD03164,12.400029,24.716581,314337
West Darfur,111,SD04,13.519303,22.616657,Nyala Shimal,SD03164,12.400029,24.716581,9833
Central Darfur,111,SD06,12.402911,23.364413,Rehaid Albirdi,SD03158,11.01135,23.560735,1240
Khartoum,111,SD01,15.851318,32.843002,Rehaid Albirdi,SD03158,11.01135,23.560735,252
South Darfur,111,SD03,11.00282,24.420469,Rehaid Albirdi,SD03158,11.01135,23.560735,29173
Central Darfur,111,SD06,12.402911,23.364413,Sharg Aj Jabal,SD03147,12.875603,24.488907,650
North Darfur,111,SD02,16.217571,25.556517,Sharg Aj Jabal,SD03147,12.875603,24.488907,9145
South Darfur,111,SD03,11.00282,24.420469,Sharg Aj Jabal,SD03147,12.875603,24.488907,35705
Khartoum,111,SD01,15.851318,32.843002,Shattaya,SD03154,12.286252,23.870208,585
North Darfur,111,SD02,16.217571,25.556517,Shattaya,SD03154,12.286252,23.870208,450
South Darfur,111,SD03,11.00282,24.420469,Shattaya,SD03154,12.286252,23.870208,920
Aj Jazirah,111,SD15,14.589485,33.27362,Tulus,SD03149,11.233746,24.946552,75
Khartoum,111,SD01,15.851318,32.843002,Tulus,SD03149,11.233746,24.946552,300
South Darfur,111,SD03,11.00282,24.420469,Tulus,SD03149,11.233746,24.946552,20775
South Darfur,111,SD03,11.00282,24.420469,Um Dafoug,SD03146,10.553461,23.76361,3835
Aj Jazirah,111,SD15,14.589485,33.27362,Abassiya,SD07090,12.321521,31.300937,1760
Blue Nile,111,SD08,11.297455,34.127622,Abassiya,SD07090,12.321521,31.300937,422
Khartoum,111,SD01,15.851318,32.843002,Abassiya,SD07090,12.321521,31.300937,13130
North Kordofan,111,SD13,14.847728,29.761701,Abassiya,SD07090,12.321521,31.300937,4655
South Kordofan,111,SD07,11.293547,30.847982,Abassiya,SD07090,12.321521,31.300937,46460
Aj Jazirah,111,SD15,14.589485,33.27362,Abu Jubayhah,SD07088,11.148388,31.725415,1130
Blue Nile,111,SD08,11.297455,34.127622,Abu Jubayhah,SD07088,11.148388,31.725415,175
Khartoum,111,SD01,15.851318,32.843002,Abu Jubayhah,SD07088,11.148388,31.725415,13186
North Kordofan,111,SD13,14.847728,29.761701,Abu Jubayhah,SD07088,11.148388,31.725415,3762
Sennar,111,SD14,12.907198,34.042836,Abu Jubayhah,SD07088,11.148388,31.725415,410
South Kordofan,111,SD07,11.293547,30.847982,Abu Jubayhah,SD07088,11.148388,31.725415,41087
Khartoum,111,SD01,15.851318,32.843002,Abu Kershola,SD07104,12.014373,30.801127,4111
North Kordofan,111,SD13,14.847728,29.761701,Abu Kershola,SD07104,12.014373,30.801127,7581
South Kordofan,111,SD07,11.293547,30.847982,Abu Kershola,SD07104,12.014373,30.801127,13901
Aj Jazirah,111,SD15,14.589485,33.27362,Al Leri,SD07105,10.130087,30.837483,70
Khartoum,111,SD01,15.851318,32.843002,Al Leri,SD07105,10.130087,30.837483,2136
North Kordofan,111,SD13,14.847728,29.761701,Al Leri,SD07105,10.130087,30.837483,285
Sennar,111,SD14,12.907198,34.042836,Al Leri,SD07105,10.130087,30.837483,5
South Darfur,111,SD03,11.00282,24.420469,Al Leri,SD07105,10.130087,30.837483,10
South Kordofan,111,SD07,11.293547,30.847982,Al Leri,SD07105,10.130087,30.837483,4917
Khartoum,111,SD01,15.851318,32.843002,Al Quoz,SD07094,12.46781,29.924219,1705
North Kordofan,111,SD13,14.847728,29.761701,Al Quoz,SD07094,12.46781,29.924219,40
South Kordofan,111,SD07,11.293547,30.847982,Al Quoz,SD07094,12.46781,29.924219,7785
Aj Jazirah,111,SD15,14.589485,33.27362,Ar Rashad,SD07093,11.785499,31.091876,395
Khartoum,111,SD01,15.851318,32.843002,Ar Rashad,SD07093,11.785499,31.091876,3865
North Kordofan,111,SD13,14.847728,29.761701,Ar Rashad,SD07093,11.785499,31.091876,250
South Kordofan,111,SD07,11.293547,30.847982,Ar Rashad,SD07093,11.785499,31.091876,17504
West Kordofan,111,SD18,11.906944,28.392115,Ar Rashad,SD07093,11.785499,31.091876,20
White Nile,111,SD09,13.359391,32.316944,Ar Rashad,SD07093,11.785499,31.091876,80
South Kordofan,111,SD07,11.293547,30.847982,Ar Reif Ash Shargi,SD07097,11.260003,29.853661,38985
West Kordofan,111,SD18,11.906944,28.392115,Ar Reif Ash Shargi,SD07097,11.260003,29.853661,45
Aj Jazirah,111,SD15,14.589485,33.27362,At Tadamon - SK,SD07106,12.052538,31.679317,15
Central Darfur,111,SD06,12.402911,23.364413,At Tadamon - SK,SD07106,12.052538,31.679317,282
Khartoum,111,SD01,15.851318,32.843002,At Tadamon - SK,SD07106,12.052538,31.679317,1137
North Kordofan,111,SD13,14.847728,29.761701,At Tadamon - SK,SD07106,12.052538,31.679317,165
South Darfur,111,SD03,11.00282,24.420469,At Tadamon - SK,SD07106,12.052538,31.679317,250
South Kordofan,111,SD07,11.293547,30.847982,At Tadamon - SK,SD07106,12.052538,31.679317,345
White Nile,111,SD09,13.359391,32.316944,At Tadamon - SK,SD07106,12.052538,31.679317,59
Khartoum,111,SD01,15.851318,32.843002,Delami,SD07107,11.640414,30.325102,1020
South Kordofan,111,SD07,11.293547,30.847982,Delami,SD07107,11.640414,30.325102,4561
Khartoum,111,SD01,15.851318,32.843002,Dilling,SD07095,11.931878,29.526205,6513
North Kordofan,111,SD13,14.847728,29.761701,Dilling,SD07095,11.931878,29.526205,15
South Kordofan,111,SD07,11.293547,30.847982,Dilling,SD07095,11.931878,29.526205,31207
West Kordofan,111,SD18,11.906944,28.392115,Dilling,SD07095,11.931878,29.526205,5120
Khartoum,111,SD01,15.851318,32.843002,Ghadeer,SD07108,10.705333,31.107582,2915
South Kordofan,111,SD07,11.293547,30.847982,Ghadeer,SD07108,10.705333,31.107582,11953
Khartoum,111,SD01,15.851318,32.843002,Habila - SK,SD07103,11.983229,30.059404,205
North Kordofan,111,SD13,14.847728,29.761701,Habila - SK,SD07103,11.983229,30.059404,15
South Kordofan,111,SD07,11.293547,30.847982,Habila - SK,SD07103,11.983229,30.059404,10525
West Kordofan,111,SD18,11.906944,28.392115,Habila - SK,SD07103,11.983229,30.059404,180
Khartoum,111,SD01,15.851318,32.843002,Kadugli,SD07098,11.061683,29.582842,6649
North Kordofan,111,SD13,14.847728,29.761701,Kadugli,SD07098,11.061683,29.582842,295
South Darfur,111,SD03,11.00282,24.420469,Kadugli,SD07098,11.061683,29.582842,5
South Kordofan,111,SD07,11.293547,30.847982,Kadugli,SD07098,11.061683,29.582842,71059
West Kordofan,111,SD18,11.906944,28.392115,Kadugli,SD07098,11.061683,29.582842,6497
White Nile,111,SD09,13.359391,32.316944,Kadugli,SD07098,11.061683,29.582842,10
Aj Jazirah,111,SD15,14.589485,33.27362,Talawdi,SD07089,10.555725,30.405758,245
Khartoum,111,SD01,15.851318,32.843002,Talawdi,SD07089,10.555725,30.405758,1895
North Darfur,111,SD02,16.217571,25.556517,Talawdi,SD07089,10.555725,30.405758,5
North Kordofan,111,SD13,14.847728,29.761701,Talawdi,SD07089,10.555725,30.405758,10
South Darfur,111,SD03,11.00282,24.420469,Talawdi,SD07089,10.555725,30.405758,10
South Kordofan,111,SD07,11.293547,30.847982,Talawdi,SD07089,10.555725,30.405758,8404
Aj Jazirah,111,SD15,14.589485,33.27362,Ag Geneina,SD04115,13.358583,22.353124,675
Central Darfur,111,SD06,12.402911,23.364413,Ag Geneina,SD04115,13.358583,22.353124,2365
East Darfur,111,SD05,11.017195,26.409638,Ag Geneina,SD04115,13.358583,22.353124,2445
Gedaref,111,SD12,14.152377,35.106167,Ag Geneina,SD04115,13.358583,22.353124,40
Khartoum,111,SD01,15.851318,32.843002,Ag Geneina,SD04115,13.358583,22.353124,20935
North Darfur,111,SD02,16.217571,25.556517,Ag Geneina,SD04115,13.358583,22.353124,10535
North Kordofan,111,SD13,14.847728,29.761701,Ag Geneina,SD04115,13.358583,22.353124,55
Sennar,111,SD14,12.907198,34.042836,Ag Geneina,SD04115,13.358583,22.353124,50
South Darfur,111,SD03,11.00282,24.420469,Ag Geneina,SD04115,13.358583,22.353124,8120
West Darfur,111,SD04,13.519303,22.616657,Ag Geneina,SD04115,13.358583,22.353124,51035
West Kordofan,111,SD18,11.906944,28.392115,Ag Geneina,SD04115,13.358583,22.353124,80
White Nile,111,SD09,13.359391,32.316944,Ag Geneina,SD04115,13.358583,22.353124,75
Khartoum,111,SD01,15.851318,32.843002,Beida,SD04111,12.887752,22.042525,160
South Darfur,111,SD03,11.00282,24.420469,Beida,SD04111,12.887752,22.042525,135
West Darfur,111,SD04,13.519303,22.616657,Beida,SD04111,12.887752,22.042525,2125
White Nile,111,SD09,13.359391,32.316944,Beida,SD04111,12.887752,22.042525,35
Aj Jazirah,111,SD15,14.589485,33.27362,Foro Baranga,SD04121,12.241949,22.60086,525
Central Darfur,111,SD06,12.402911,23.364413,Foro Baranga,SD04121,12.241949,22.60086,6300
East Darfur,111,SD05,11.017195,26.409638,Foro Baranga,SD04121,12.241949,22.60086,230
Khartoum,111,SD01,15.851318,32.843002,Foro Baranga,SD04121,12.241949,22.60086,3225
North Darfur,111,SD02,16.217571,25.556517,Foro Baranga,SD04121,12.241949,22.60086,335
South Darfur,111,SD03,11.00282,24.420469,Foro Baranga,SD04121,12.241949,22.60086,1935
West Darfur,111,SD04,13.519303,22.616657,Foro Baranga,SD04121,12.241949,22.60086,11420
Central Darfur,111,SD06,12.402911,23.364413,Habila - WD,SD04122,12.67591,22.45467,385
Khartoum,111,SD01,15.851318,32.843002,Habila - WD,SD04122,12.67591,22.45467,200
South Darfur,111,SD03,11.00282,24.420469,Habila - WD,SD04122,12.67591,22.45467,140
West Darfur,111,SD04,13.519303,22.616657,Habila - WD,SD04122,12.67591,22.45467,25395
Aj Jazirah,111,SD15,14.589485,33.27362,Jebel Moon,SD04123,14.057811,22.878224,175
Khartoum,111,SD01,15.851318,32.843002,Jebel Moon,SD04123,14.057811,22.878224,415
North Darfur,111,SD02,16.217571,25.556517,Jebel Moon,SD04123,14.057811,22.878224,350
West Darfur,111,SD04,13.519303,22.616657,Jebel Moon,SD04123,14.057811,22.878224,51705
Aj Jazirah,111,SD15,14.589485,33.27362,Kereneik,SD04125,13.330925,22.821153,40
Central Darfur,111,SD06,12.402911,23.364413,Kereneik,SD04125,13.330925,22.821153,10160
Khartoum,111,SD01,15.851318,32.843002,Kereneik,SD04125,13.330925,22.821153,250
North Darfur,111,SD02,16.217571,25.556517,Kereneik,SD04125,13.330925,22.821153,640
South Darfur,111,SD03,11.00282,24.420469,Kereneik,SD04125,13.330925,22.821153,935
West Darfur,111,SD04,13.519303,22.616657,Kereneik,SD04125,13.330925,22.821153,51805
Khartoum,111,SD01,15.851318,32.843002,Kulbus,SD04127,14.51589,22.711433,75
North Darfur,111,SD02,16.217571,25.556517,Kulbus,SD04127,14.51589,22.711433,105
South Darfur,111,SD03,11.00282,24.420469,Kulbus,SD04127,14.51589,22.711433,260
West Darfur,111,SD04,13.519303,22.616657,Kulbus,SD04127,14.51589,22.711433,30957
Khartoum,111,SD01,15.851318,32.843002,Sirba,SD04134,13.815601,22.44664,135
West Darfur,111,SD04,13.519303,22.616657,Sirba,SD04134,13.815601,22.44664,32425
Aj Jazirah,111,SD15,14.589485,33.27362,Abu Zabad,SD18028,12.645239,29.306019,390
Blue Nile,111,SD08,11.297455,34.127622,Abu Zabad,SD18028,12.645239,29.306019,150
Central Darfur,111,SD06,12.402911,23.364413,Abu Zabad,SD18028,12.645239,29.306019,45
Khartoum,111,SD01,15.851318,32.843002,Abu Zabad,SD18028,12.645239,29.306019,9015
North Kordofan,111,SD13,14.847728,29.761701,Abu Zabad,SD18028,12.645239,29.306019,3184
South Darfur,111,SD03,11.00282,24.420469,Abu Zabad,SD18028,12.645239,29.306019,225
South Kordofan,111,SD07,11.293547,30.847982,Abu Zabad,SD18028,12.645239,29.306019,3892
West Kordofan,111,SD18,11.906944,28.392115,Abu Zabad,SD18028,12.645239,29.306019,15466
White Nile,111,SD09,13.359391,32.316944,Abu Zabad,SD18028,12.645239,29.306019,160
Khartoum,111,SD01,15.851318,32.843002,Abyei,SD18087,10.833424,27.684931,3550
South Darfur,111,SD03,11.00282,24.420469,Abyei,SD18087,10.833424,27.684931,130
West Kordofan,111,SD18,11.906944,28.392115,Abyei,SD18087,10.833424,27.684931,18733
Khartoum,111,SD01,15.851318,32.843002,Al Dibab,SD18103,10.305377,28.746786,8615
West Kordofan,111,SD18,11.906944,28.392115,Al Dibab,SD18103,10.305377,28.746786,13926
East Darfur,111,SD05,11.017195,26.409638,Al Idia,SD18104,11.93892,27.906768,9160
Khartoum,111,SD01,15.851318,32.843002,Al Idia,SD18104,11.93892,27.906768,6234
North Darfur,111,SD02,16.217571,25.556517,Al Idia,SD18104,11.93892,27.906768,567
North Kordofan,111,SD13,14.847728,29.761701,Al Idia,SD18104,11.93892,27.906768,1265
South Darfur,111,SD03,11.00282,24.420469,Al Idia,SD18104,11.93892,27.906768,150
West Kordofan,111,SD18,11.906944,28.392115,Al Idia,SD18104,11.93892,27.906768,46369
Khartoum,111,SD01,15.851318,32.843002,Al Khiwai,SD18105,13.301541,28.995984,1107
North Kordofan,111,SD13,14.847728,29.761701,Al Khiwai,SD18105,13.301541,28.995984,6598
South Kordofan,111,SD07,11.293547,30.847982,Al Khiwai,SD18105,13.301541,28.995984,50
West Kordofan,111,SD18,11.906944,28.392115,Al Khiwai,SD18105,13.301541,28.995984,2320
White Nile,111,SD09,13.359391,32.316944,Al Khiwai,SD18105,13.301541,28.995984,5
Blue Nile,111,SD08,11.297455,34.127622,Al Lagowa,SD18102,11.353771,28.947703,35
Khartoum,111,SD01,15.851318,32.843002,Al Lagowa,SD18102,11.353771,28.947703,1029
North Kordofan,111,SD13,14.847728,29.761701,Al Lagowa,SD18102,11.353771,28.947703,746
South Kordofan,111,SD07,11.293547,30.847982,Al Lagowa,SD18102,11.353771,28.947703,3928
West Kordofan,111,SD18,11.906944,28.392115,Al Lagowa,SD18102,11.353771,28.947703,16320
Central Darfur,111,SD06,12.402911,23.364413,Al Meiram,SD18106,10.183227,27.701045,420
Khartoum,111,SD01,15.851318,32.843002,Al Meiram,SD18106,10.183227,27.701045,2515
North Kordofan,111,SD13,14.847728,29.761701,Al Meiram,SD18106,10.183227,27.701045,5
West Kordofan,111,SD18,11.906944,28.392115,Al Meiram,SD18106,10.183227,27.701045,7289
Blue Nile,111,SD08,11.297455,34.127622,An Nuhud,SD18022,13.165317,28.3054,6
Central Darfur,111,SD06,12.402911,23.364413,An Nuhud,SD18022,13.165317,28.3054,20
Khartoum,111,SD01,15.851318,32.843002,An Nuhud,SD18022,13.165317,28.3054,15788
North Darfur,111,SD02,16.217571,25.556517,An Nuhud,SD18022,13.165317,28.3054,279
North Kordofan,111,SD13,14.847728,29.761701,An Nuhud,SD18022,13.165317,28.3054,1040
South Darfur,111,SD03,11.00282,24.420469,An Nuhud,SD18022,13.165317,28.3054,25
South Kordofan,111,SD07,11.293547,30.847982,An Nuhud,SD18022,13.165317,28.3054,320
West Kordofan,111,SD18,11.906944,28.392115,An Nuhud,SD18022,13.165317,28.3054,30269
East Darfur,111,SD05,11.017195,26.409638,As Salam - WK,SD18086,11.304914,28.217431,64
Khartoum,111,SD01,15.851318,32.843002,As Salam - WK,SD18086,11.304914,28.217431,8943
North Kordofan,111,SD13,14.847728,29.761701,As Salam - WK,SD18086,11.304914,28.217431,10
South Darfur,111,SD03,11.00282,24.420469,As Salam - WK,SD18086,11.304914,28.217431,20
South Kordofan,111,SD07,11.293547,30.847982,As Salam - WK,SD18086,11.304914,28.217431,195
West Kordofan,111,SD18,11.906944,28.392115,As Salam - WK,SD18086,11.304914,28.217431,26969
Aj Jazirah,111,SD15,14.589485,33.27362,As Sunut,SD18092,12.025664,28.908089,35
East Darfur,111,SD05,11.017195,26.409638,As Sunut,SD18092,12.025664,28.908089,5
Khartoum,111,SD01,15.851318,32.843002,As Sunut,SD18092,12.025664,28.908089,1953
North Kordofan,111,SD13,14.847728,29.761701,As Sunut,SD18092,12.025664,28.908089,1181
South Kordofan,111,SD07,11.293547,30.847982,As Sunut,SD18092,12.025664,28.908089,425
West Kordofan,111,SD18,11.906944,28.392115,As Sunut,SD18092,12.025664,28.908089,7158
Central Darfur,111,SD06,12.402911,23.364413,Babanusa,SD18100,11.323818,27.590653,54
East Darfur,111,SD05,11.017195,26.409638,Babanusa,SD18100,11.323818,27.590653,3055
Khartoum,111,SD01,15.851318,32.843002,Babanusa,SD18100,11.323818,27.590653,1469
West Darfur,111,SD04,13.519303,22.616657,Babanusa,SD18100,11.323818,27.590653,51
West Kordofan,111,SD18,11.906944,28.392115,Babanusa,SD18100,11.323818,27.590653,27958
East Darfur,111,SD05,11.017195,26.409638,Ghubaish,SD18021,12.29314,27.493797,1725
Khartoum,111,SD01,15.851318,32.843002,Ghubaish,SD18021,12.29314,27.493797,4716
North Darfur,111,SD02,16.217571,25.556517,Ghubaish,SD18021,12.29314,27.493797,3373
North Kordofan,111,SD13,14.847728,29.761701,Ghubaish,SD18021,12.29314,27.493797,810
South Darfur,111,SD03,11.00282,24.420469,Ghubaish,SD18021,12.29314,27.493797,712
West Kordofan,111,SD18,11.906944,28.392115,Ghubaish,SD18021,12.29314,27.493797,2597
East Darfur,111,SD05,11.017195,26.409638,Keilak,SD18085,10.60813,29.315316,516
Khartoum,111,SD01,15.851318,32.843002,Keilak,SD18085,10.60813,29.315316,645
North Kordofan,111,SD13,14.847728,29.761701,Keilak,SD18085,10.60813,29.315316,160
South Kordofan,111,SD07,11.293547,30.847982,Keilak,SD18085,10.60813,29.315316,3128
West Kordofan,111,SD18,11.906944,28.392115,Keilak,SD18085,10.60813,29.315316,13479
Khartoum,111,SD01,15.851318,32.843002,Wad Bandah,SD18029,13.212707,27.716197,3519
North Darfur,111,SD02,16.217571,25.556517,Wad Bandah,SD18029,13.212707,27.716197,728
North Kordofan,111,SD13,14.847728,29.761701,Wad Bandah,SD18029,13.212707,27.716197,203
West Kordofan,111,SD18,11.906944,28.392115,Wad Bandah,SD18029,13.212707,27.716197,2604
Aj Jazirah,111,SD15,14.589485,33.27362,Ad Diwaim,SD09044,13.968012,31.981474,3849
Blue Nile,111,SD08,11.297455,34.127622,Ad Diwaim,SD09044,13.968012,31.981474,175
Khartoum,111,SD01,15.851318,32.843002,Ad Diwaim,SD09044,13.968012,31.981474,69750
North Kordofan,111,SD13,14.847728,29.761701,Ad Diwaim,SD09044,13.968012,31.981474,13
South Darfur,111,SD03,11.00282,24.420469,Ad Diwaim,SD09044,13.968012,31.981474,24
South Kordofan,111,SD07,11.293547,30.847982,Ad Diwaim,SD09044,13.968012,31.981474,500
White Nile,111,SD09,13.359391,32.316944,Ad Diwaim,SD09044,13.968012,31.981474,5401
Aj Jazirah,111,SD15,14.589485,33.27362,Aj Jabalain,SD09051,12.674495,32.967693,7133
Blue Nile,111,SD08,11.297455,34.127622,Aj Jabalain,SD09051,12.674495,32.967693,13173
Central Darfur,111,SD06,12.402911,23.364413,Aj Jabalain,SD09051,12.674495,32.967693,150
Khartoum,111,SD01,15.851318,32.843002,Aj Jabalain,SD09051,12.674495,32.967693,91442
North Darfur,111,SD02,16.217571,25.556517,Aj Jabalain,SD09051,12.674495,32.967693,10
North Kordofan,111,SD13,14.847728,29.761701,Aj Jabalain,SD09051,12.674495,32.967693,1393
Sennar,111,SD14,12.907198,34.042836,Aj Jabalain,SD09051,12.674495,32.967693,6371
South Darfur,111,SD03,11.00282,24.420469,Aj Jabalain,SD09051,12.674495,32.967693,46
South Kordofan,111,SD07,11.293547,30.847982,Aj Jabalain,SD09051,12.674495,32.967693,569
White Nile,111,SD09,13.359391,32.316944,Aj Jabalain,SD09051,12.674495,32.967693,9012
Aj Jazirah,111,SD15,14.589485,33.27362,Al Gitaina,SD09050,14.472854,32.375079,578
Blue Nile,111,SD08,11.297455,34.127622,Al Gitaina,SD09050,14.472854,32.375079,35
Khartoum,111,SD01,15.851318,32.843002,Al Gitaina,SD09050,14.472854,32.375079,16144
Sennar,111,SD14,12.907198,34.042836,Al Gitaina,SD09050,14.472854,32.375079,68
White Nile,111,SD09,13.359391,32.316944,Al Gitaina,SD09050,14.472854,32.375079,11555
Aj Jazirah,111,SD15,14.589485,33.27362,As Salam / Ar Rawat,SD09049,12.369001,32.309445,357
Blue Nile,111,SD08,11.297455,34.127622,As Salam / Ar Rawat,SD09049,12.369001,32.309445,253
Khartoum,111,SD01,15.851318,32.843002,As Salam / Ar Rawat,SD09049,12.369001,32.309445,51014
North Darfur,111,SD02,16.217571,25.556517,As Salam / Ar Rawat,SD09049,12.369001,32.309445,116
North Kordofan,111,SD13,14.847728,29.761701,As Salam / Ar Rawat,SD09049,12.369001,32.309445,240
South Kordofan,111,SD07,11.293547,30.847982,As Salam / Ar Rawat,SD09049,12.369001,32.309445,55
White Nile,111,SD09,13.359391,32.316944,As Salam / Ar Rawat,SD09049,12.369001,32.309445,700
Aj Jazirah,111,SD15,14.589485,33.27362,Guli,SD09052,13.322783,32.408424,2233
Khartoum,111,SD01,15.851318,32.843002,Guli,SD09052,13.322783,32.408424,19654
North Kordofan,111,SD13,14.847728,29.761701,Guli,SD09052,13.322783,32.408424,139
Sennar,111,SD14,12.907198,34.042836,Guli,SD09052,13.322783,32.408424,35
White Nile,111,SD09,13.359391,32.316944,Guli,SD09052,13.322783,32.408424,3515
Aj Jazirah,111,SD15,14.589485,33.27362,Kosti,SD09047,12.896885,32.66677,26341
Blue Nile,111,SD08,11.297455,34.127622,Kosti,SD09047,12.896885,32.66677,85
Central Darfur,111,SD06,12.402911,23.364413,Kosti,SD09047,12.896885,32.66677,23
Khartoum,111,SD01,15.851318,32.843002,Kosti,SD09047,12.896885,32.66677,120054
North Darfur,111,SD02,16.217571,25.556517,Kosti,SD09047,12.896885,32.66677,328
North Kordofan,111,SD13,14.847728,29.761701,Kosti,SD09047,12.896885,32.66677,3189
Sennar,111,SD14,12.907198,34.042836,Kosti,SD09047,12.896885,32.66677,820
South Darfur,111,SD03,11.00282,24.420469,Kosti,SD09047,12.896885,32.66677,334
South Kordofan,111,SD07,11.293547,30.847982,Kosti,SD09047,12.896885,32.66677,1606
West Darfur,111,SD04,13.519303,22.616657,Kosti,SD09047,12.896885,32.66677,75
White Nile,111,SD09,13.359391,32.316944,Kosti,SD09047,12.896885,32.66677,1193
Aj Jazirah,111,SD15,14.589485,33.27362,Rabak,SD09046,13.405578,32.780542,21011
Blue Nile,111,SD08,11.297455,34.127622,Rabak,SD09046,13.405578,32.780542,495
East Darfur,111,SD05,11.017195,26.409638,Rabak,SD09046,13.405578,32.780542,430
Khartoum,111,SD01,15.851318,32.843002,Rabak,SD09046,13.405578,32.780542,98758
North Darfur,111,SD02,16.217571,25.556517,Rabak,SD09046,13.405578,32.780542,120
North Kordofan,111,SD13,14.847728,29.761701,Rabak,SD09046,13.405578,32.780542,805
Sennar,111,SD14,12.907198,34.042836,Rabak,SD09046,13.405578,32.780542,3541
South Darfur,111,SD03,11.00282,24.420469,Rabak,SD09046,13.405578,32.780542,387
South Kordofan,111,SD07,11.293547,30.847982,Rabak,SD09046,13.405578,32.780542,785
West Kordofan,111,SD18,11.906944,28.392115,Rabak,SD09046,13.405578,32.780542,120
White Nile,111,SD09,13.359391,32.316944,Rabak,SD09046,13.405578,32.780542,14593
Aj Jazirah,111,SD15,14.589485,33.27362,Tendalti,SD09048,12.967541,32.027342,1689
Blue Nile,111,SD08,11.297455,34.127622,Tendalti,SD09048,12.967541,32.027342,21
Central Darfur,900,SD06,12.402911,23.364413,Tendalti,SD09048,12.967541,32.027342,120
East Darfur,1250,SD05,11.017195,26.409638,Tendalti,SD09048,12.967541,32.027342,117
Khartoum,40610,SD01,15.851318,32.843002,Tendalti,SD09048,12.967541,32.027342,10505
North Kordofan,3910,SD13,14.847728,29.761701,Tendalti,SD09048,12.967541,32.027342,1415
South Kordofan,645,SD07,11.293547,30.847982,Tendalti,SD09048,12.967541,32.027342,45
White Nile,1232,SD09,13.359391,32.316944,Tendalti,SD09048,12.967541,32.027342,1340
Aj Jazirah,65,SD15,14.589485,33.27362,Um Rimta,SD09045,14.593573,31.936371,662
Khartoum,40610,SD01,15.851318,32.843002,Um Rimta,SD09045,14.593573,31.936371,6239
North Kordofan,3910,SD13,14.847728,29.761701,Um Rimta,SD09045,14.593573,31.936371,40
White Nile,1232,SD09,13.359391,32.316944,Um Rimta,SD09045,14.593573,31.936371,1990
